"□ 신고취소, 해제, 변경 등 신고정보의 실시간 반영으로 시간대별 제공되는 정보의 내용이 상이할 수 있으니 이용시 참고하시기 바랍니다."
"□ 본 서비스에서 제공하는 정보는 법적인 효력이 없으며, 참고용으로만 활용하시기 바랍니다."
"□ 국토교통부 실거래가 공개시스템의 궁금하신 점이나 문의사항이 있을시 콜센터 1588-0149로 연락 주시기 바랍니다."
"□ 검색조건"
"일자 : 20180301 ~ 20180331"
"실거래구분 : 오피스텔(매매)"
"주소구분 : 지번주소"
"시도 : 경기도"
"시군구 : 전체"
"읍면동 : 전체"
"면적 : 전체"
"금액선택 : 전체"
"시군구","번지","본번","부번","단지명","전용면적(㎡)","계약년월","계약일","거래금액(만원)","층","건축년도","도로명"
"경기도 고양덕양구 성사동","696","696","0","삼성홈타워오피스텔","32.9","201803","1~10","9,500","5","2006","호국로"
"경기도 고양덕양구 성사동","696","696","0","삼성홈타워오피스텔","31.92","201803","11~20","9,500","13","2006","호국로"
"경기도 고양덕양구 주교동","610-6","610","6","스카이 팰리스","69.93","201803","1~10","24,400","10","2017","null"
"경기도 고양덕양구 행신동","763-2","763","2","백산오피스텔","41.92","201803","1~10","15,000","3","2002","용현로5번길"
"경기도 고양덕양구 행신동","758-1","758","1","송악모노빌","18","201803","1~10","6,600","8","2002","용현로"
"경기도 고양덕양구 화정동","975-3","975","3","동양트레벨2오피스텔","38.88","201803","11~20","13,700","16","2003","백양로"
"경기도 고양덕양구 화정동","965","965","0","오벨리스크","49.61","201803","1~10","17,900","11","2003","화정로"
"경기도 고양덕양구 화정동","965","965","0","오벨리스크","30.59","201803","1~10","14,200","21","2003","화정로"
"경기도 고양덕양구 화정동","965","965","0","오벨리스크","30.59","201803","1~10","14,000","22","2003","화정로"
"경기도 고양덕양구 화정동","984-7","984","7","우경싸이트빌","30.56","201803","1~10","9,900","7","2002","화신로272번길"
"경기도 고양덕양구 화정동","1000-1","1000","1","화정건영캐스빌플러스","43.68","201803","11~20","13,300","9","2004","화신로"
"경기도 고양덕양구 화정동","986-8","986","8","화정대우마이빌","31.92","201803","11~20","12,000","13","2003","백양로"
"경기도 고양덕양구 화정동","986-8","986","8","화정대우마이빌","31.92","201803","11~20","12,300","14","2003","백양로"
"경기도 고양덕양구 화정동","986-8","986","8","화정대우마이빌","23.95","201803","21~31","7,000","15","2003","백양로"
"경기도 고양일산동구 백석동","1239-2","1239","2","대방 샤인밸리","37.57","201803","1~10","15,000","8","2004","일산로"
"경기도 고양일산동구 백석동","1239-2","1239","2","대방 샤인밸리","37.57","201803","21~31","15,000","5","2004","일산로"
"경기도 고양일산동구 백석동","1325","1325","0","디아뜨 크리스탈","42.06","201803","1~10","13,900","4","2004","일산로"
"경기도 고양일산동구 백석동","1325","1325","0","디아뜨 크리스탈","34.18","201803","11~20","12,700","12","2004","일산로"
"경기도 고양일산동구 백석동","1325","1325","0","디아뜨 크리스탈","34.18","201803","11~20","13,200","6","2004","일산로"
"경기도 고양일산동구 백석동","1325","1325","0","디아뜨 크리스탈","34.18","201803","21~31","13,000","6","2004","일산로"
"경기도 고양일산동구 백석동","1329","1329","0","밀레니엄리젠시","104.8","201803","11~20","30,000","6","2002","호수로"
"경기도 고양일산동구 백석동","1309","1309","0","백석 우림보보카운티","25.9","201803","1~10","10,300","9","2005","일산로"
"경기도 고양일산동구 백석동","1309","1309","0","백석 우림보보카운티","22.82","201803","11~20","9,300","14","2005","일산로"
"경기도 고양일산동구 백석동","1309","1309","0","백석 우림보보카운티","22.82","201803","21~31","8,800","4","2005","일산로"
"경기도 고양일산동구 백석동","1288","1288","0","백석동 대우IAAN","73.73","201803","1~10","21,800","6","2005","강석로"
"경기도 고양일산동구 백석동","1288","1288","0","백석동 대우IAAN","75.48","201803","11~20","24,800","8","2005","강석로"
"경기도 고양일산동구 백석동","1302","1302","0","백석역 동문굿모닝힐","45.87","201803","1~10","13,450","7","2003","장백로"
"경기도 고양일산동구 백석동","1302","1302","0","백석역 동문굿모닝힐","45.87","201803","1~10","13,600","10","2003","장백로"
"경기도 고양일산동구 백석동","1302","1302","0","백석역 동문굿모닝힐","45.87","201803","1~10","13,500","6","2003","장백로"
"경기도 고양일산동구 백석동","1302","1302","0","백석역 동문굿모닝힐","45.87","201803","11~20","13,200","6","2003","장백로"
"경기도 고양일산동구 백석동","1302","1302","0","백석역 동문굿모닝힐","45.87","201803","21~31","13,600","10","2003","장백로"
"경기도 고양일산동구 백석동","1301","1301","0","백석역 동문굿모닝힐1 101동","45.87","201803","11~20","13,500","3","2003","장백로"
"경기도 고양일산동구 백석동","1301","1301","0","백석역 동문굿모닝힐1 101동","45.87","201803","11~20","13,900","8","2003","장백로"
"경기도 고양일산동구 백석동","1305","1305","0","백석역 동문굿모닝힐1 103동","45.87","201803","21~31","13,000","4","2003","장백로"
"경기도 고양일산동구 백석동","1319","1319","0","백석역동문굿모닝힐II(1319-0)","28.55","201803","1~10","12,650","9","2004","경의로"
"경기도 고양일산동구 백석동","1319","1319","0","백석역동문굿모닝힐II(1319-0)","29.33","201803","11~20","12,200","3","2004","경의로"
"경기도 고양일산동구 백석동","1319","1319","0","백석역동문굿모닝힐II(1319-0)","26.99","201803","21~31","12,570","5","2004","경의로"
"경기도 고양일산동구 백석동","1320","1320","0","백석역동문굿모닝힐II(1320-0)","28.55","201803","1~10","12,500","6","2004","호수로"
"경기도 고양일산동구 백석동","1320","1320","0","백석역동문굿모닝힐II(1320-0)","29.33","201803","1~10","13,000","6","2004","호수로"
"경기도 고양일산동구 백석동","1320","1320","0","백석역동문굿모닝힐II(1320-0)","28.55","201803","1~10","12,000","4","2004","호수로"
"경기도 고양일산동구 백석동","1320","1320","0","백석역동문굿모닝힐II(1320-0)","28.55","201803","1~10","12,500","3","2004","호수로"
"경기도 고양일산동구 백석동","1320","1320","0","백석역동문굿모닝힐II(1320-0)","26.99","201803","11~20","12,500","5","2004","호수로"
"경기도 고양일산동구 백석동","1320","1320","0","백석역동문굿모닝힐II(1320-0)","26.99","201803","11~20","12,550","9","2004","호수로"
"경기도 고양일산동구 백석동","1321","1321","0","백석역동문굿모닝힐II(1321-0)","31.67","201803","1~10","13,000","9","2004","호수로"
"경기도 고양일산동구 백석동","1322","1322","0","백석역동문굿모닝힐II(1322-0)","29.33","201803","1~10","12,300","8","2004","경의로"
"경기도 고양일산동구 백석동","1322","1322","0","백석역동문굿모닝힐II(1322-0)","35.18","201803","21~31","13,500","3","2004","경의로"
"경기도 고양일산동구 백석동","1241-2","1241","2","백석위브센티움","33.26","201803","1~10","12,700","2","2003","일산로"
"경기도 고양일산동구 백석동","1241-2","1241","2","백석위브센티움","33.26","201803","11~20","13,400","8","2003","일산로"
"경기도 고양일산동구 백석동","1241-2","1241","2","백석위브센티움","47.33","201803","21~31","14,400","3","2003","일산로"
"경기도 고양일산동구 백석동","1330","1330","0","브라운스톤일산","181.1","201803","11~20","44,500","9","2005","호수로"
"경기도 고양일산동구 백석동","1330","1330","0","브라운스톤일산","103.26","201803","21~31","28,000","14","2005","호수로"
"경기도 고양일산동구 백석동","1318","1318","0","비잔티움일산1단지","91.16","201803","21~31","26,900","3","2004","호수로"
"경기도 고양일산동구 백석동","1318-4","1318","4","비잔티움일산2단지","86.93","201803","1~10","27,300","7","2004","호수로"
"경기도 고양일산동구 백석동","1331","1331","0","영림브레아오피스텔","33.44","201803","11~20","13,000","5","2004","중앙로"
"경기도 고양일산동구 백석동","1331","1331","0","영림브레아오피스텔","33.44","201803","21~31","13,300","5","2004","중앙로"
"경기도 고양일산동구 백석동","1313","1313","0","일산백석더루벤스카운티","35.34","201803","1~10","16,850","6","2012","장백로"
"경기도 고양일산동구 백석동","1313","1313","0","일산백석더루벤스카운티","37.3","201803","11~20","15,500","3","2012","장백로"
"경기도 고양일산동구 백석동","1313","1313","0","일산백석더루벤스카운티","35.34","201803","11~20","16,100","3","2012","장백로"
"경기도 고양일산동구 백석동","1317","1317","0","현대밀라트(1317-0)","131.42","201803","1~10","36,500","6","2003","경의로"
"경기도 고양일산동구 백석동","1317","1317","0","현대밀라트(1317-0)","132.09","201803","1~10","35,000","2","2003","경의로"
"경기도 고양일산동구 백석동","1300","1300","0","현대밀라트2차(1300-0)","36.28","201803","11~20","14,300","3","2003","중앙로"
"경기도 고양일산동구 백석동","1300","1300","0","현대밀라트2차(1300-0)","29.5","201803","21~31","13,250","10","2003","중앙로"
"경기도 고양일산동구 백석동","1303","1303","0","현대밀라트2차(1303-0)","34","201803","1~10","14,400","6","2003","중앙로"
"경기도 고양일산동구 백석동","1303","1303","0","현대밀라트2차(1303-0)","34.38","201803","1~10","14,370","3","2003","중앙로"
"경기도 고양일산동구 백석동","1303","1303","0","현대밀라트2차(1303-0)","36.85","201803","1~10","14,800","8","2003","중앙로"
"경기도 고양일산동구 백석동","1309-1","1309","1","효성레제스오피스텔","43.67","201803","1~10","15,500","11","2004","일산로"
"경기도 고양일산동구 백석동","1309-1","1309","1","효성레제스오피스텔","42.6","201803","1~10","15,470","6","2004","일산로"
"경기도 고양일산동구 백석동","1309-1","1309","1","효성레제스오피스텔","43.15","201803","11~20","14,900","3","2004","일산로"
"경기도 고양일산동구 백석동","1309-1","1309","1","효성레제스오피스텔","43.67","201803","21~31","14,850","2","2004","일산로"
"경기도 고양일산동구 백석동","1309-1","1309","1","효성레제스오피스텔","43.15","201803","21~31","14,850","3","2004","일산로"
"경기도 고양일산동구 장항동","849","849","0","동양메이저타워","36.36","201803","1~10","8,300","6","2002","중앙로"
"경기도 고양일산동구 장항동","759-1","759","1","삼라 마이다스빌","53.96","201803","1~10","17,000","5","2003","무궁화로"
"경기도 고양일산동구 장항동","734","734","0","삼라마이다스Ⅲ","58.5","201803","21~31","16,500","6","2005","무궁화로"
"경기도 고양일산동구 장항동","752","752","0","삼성메르헨하우스","32.84","201803","1~10","12,800","6","2003","무궁화로"
"경기도 고양일산동구 장항동","752","752","0","삼성메르헨하우스","38.84","201803","1~10","13,450","13","2003","무궁화로"
"경기도 고양일산동구 장항동","752","752","0","삼성메르헨하우스","32.84","201803","21~31","11,000","3","2003","무궁화로"
"경기도 고양일산동구 장항동","854","854","0","신성하이네스트오피스텔","34.48","201803","1~10","14,700","7","2004","정발산로42번길"
"경기도 고양일산동구 장항동","854","854","0","신성하이네스트오피스텔","34.43","201803","11~20","13,200","6","2004","정발산로42번길"
"경기도 고양일산동구 장항동","854-1","854","1","양우드라마시티","33.97","201803","1~10","12,000","6","2003","백마로213번길"
"경기도 고양일산동구 장항동","854-1","854","1","양우드라마시티","33.97","201803","1~10","12,300","10","2003","백마로213번길"
"경기도 고양일산동구 장항동","854-1","854","1","양우드라마시티","33.97","201803","11~20","12,000","5","2003","백마로213번길"
"경기도 고양일산동구 장항동","854-1","854","1","양우드라마시티","33.97","201803","21~31","10,950","10","2003","백마로213번길"
"경기도 고양일산동구 장항동","854-1","854","1","양우드라마시티","33.97","201803","21~31","10,800","3","2003","백마로213번길"
"경기도 고양일산동구 장항동","730-1","730","1","양우로데오시티","33.88","201803","21~31","12,600","15","2003","고봉로"
"경기도 고양일산동구 장항동","746-1","746","1","양우로데오시티플러스","35.16","201803","1~10","13,900","11","2004","무궁화로"
"경기도 고양일산동구 장항동","746-1","746","1","양우로데오시티플러스","33.32","201803","11~20","13,700","7","2004","무궁화로"
"경기도 고양일산동구 장항동","746-1","746","1","양우로데오시티플러스","35.16","201803","11~20","14,200","13","2004","무궁화로"
"경기도 고양일산동구 장항동","746-1","746","1","양우로데오시티플러스","29.96","201803","11~20","11,000","4","2004","무궁화로"
"경기도 고양일산동구 장항동","746-1","746","1","양우로데오시티플러스","35.16","201803","21~31","13,400","3","2004","무궁화로"
"경기도 고양일산동구 장항동","746-1","746","1","양우로데오시티플러스","35.16","201803","21~31","14,730","12","2004","무궁화로"
"경기도 고양일산동구 장항동","746-1","746","1","양우로데오시티플러스","33.32","201803","21~31","13,850","13","2004","무궁화로"
"경기도 고양일산동구 장항동","746-1","746","1","양우로데오시티플러스","35.16","201803","21~31","13,750","10","2004","무궁화로"
"경기도 고양일산동구 장항동","771-1","771","1","우림로데오스위트","29.67","201803","1~10","14,000","14","2005","중앙로1275번길"
"경기도 고양일산동구 장항동","771-1","771","1","우림로데오스위트","29.67","201803","1~10","13,400","4","2005","중앙로1275번길"
"경기도 고양일산동구 장항동","776-2","776","2","우림보보카운티Ⅱ","23.35","201803","1~10","8,700","4","2004","무궁화로"
"경기도 고양일산동구 장항동","776-2","776","2","우림보보카운티Ⅱ","25.25","201803","1~10","9,700","5","2004","무궁화로"
"경기도 고양일산동구 장항동","776-2","776","2","우림보보카운티Ⅱ","25.25","201803","1~10","9,700","5","2004","무궁화로"
"경기도 고양일산동구 장항동","776-2","776","2","우림보보카운티Ⅱ","50.84","201803","11~20","15,400","10","2004","무궁화로"
"경기도 고양일산동구 장항동","746","746","0","우인아크리움빌II","35.99","201803","1~10","13,800","7","2004","무궁화로"
"경기도 고양일산동구 장항동","746","746","0","우인아크리움빌II","29.38","201803","1~10","10,000","13","2004","무궁화로"
"경기도 고양일산동구 장항동","746","746","0","우인아크리움빌II","35.99","201803","21~31","11,600","12","2004","무궁화로"
"경기도 고양일산동구 장항동","746","746","0","우인아크리움빌II","35.99","201803","21~31","12,800","3","2004","무궁화로"
"경기도 고양일산동구 장항동","730","730","0","우인아크리움빌Ⅰ","35.97","201803","1~10","10,800","3","2003","무궁화로"
"경기도 고양일산동구 장항동","730","730","0","우인아크리움빌Ⅰ","58.86","201803","11~20","18,620","12","2003","무궁화로"
"경기도 고양일산동구 장항동","778","778","0","일산 우림보보카운티 I","21.96","201803","1~10","8,500","2","2003","무궁화로"
"경기도 고양일산동구 장항동","778","778","0","일산 우림보보카운티 I","21.96","201803","11~20","9,000","3","2003","무궁화로"
"경기도 고양일산동구 장항동","778","778","0","일산 우림보보카운티 I","21.96","201803","21~31","8,900","9","2003","무궁화로"
"경기도 고양일산동구 장항동","778","778","0","일산 우림보보카운티 I","21.96","201803","21~31","9,000","3","2003","무궁화로"
"경기도 고양일산동구 장항동","775-1","775","1","일산마이다스 오피스텔","35.3","201803","21~31","11,000","6","2000","중앙로"
"경기도 고양일산동구 장항동","775-1","775","1","일산마이다스 오피스텔","43.1","201803","21~31","13,000","4","2000","중앙로"
"경기도 고양일산동구 장항동","754","754","0","중앙 하이츠빌","35.96","201803","1~10","12,100","6","2004","중앙로1275번길"
"경기도 고양일산동구 장항동","754","754","0","중앙 하이츠빌","36.75","201803","11~20","16,900","5","2004","중앙로1275번길"
"경기도 고양일산동구 장항동","754","754","0","중앙 하이츠빌","35.75","201803","21~31","10,000","4","2004","중앙로1275번길"
"경기도 고양일산동구 장항동","753","753","0","청원레이크빌","29.29","201803","21~31","11,950","12","1999","중앙로1275번길"
"경기도 고양일산동구 장항동","753","753","0","청원레이크빌","29.29","201803","21~31","12,600","7","1999","중앙로1275번길"
"경기도 고양일산동구 장항동","727-2","727","2","청원레이크빌-2","31.32","201803","11~20","13,800","10","2003","중앙로"
"경기도 고양일산동구 장항동","744","744","0","코오롱레이크폴리스-lll(744-0)","58.18","201803","21~31","20,800","4","2004","고봉로"
"경기도 고양일산동구 장항동","760-1","760","1","한라 밀라트 C동","65.62","201803","1~10","23,700","9","2003","무궁화로"
"경기도 고양일산동구 장항동","760-1","760","1","한라 밀라트 C동","65.62","201803","1~10","24,400","9","2003","무궁화로"
"경기도 고양일산동구 장항동","760-1","760","1","한라 밀라트 C동","65.62","201803","21~31","21,900","2","2003","무궁화로"
"경기도 고양일산동구 장항동","852-1","852","1","한솔프레미낭","35.15","201803","11~20","13,500","7","2004","백마로213번길"
"경기도 고양일산동구 장항동","852-1","852","1","한솔프레미낭","29.3","201803","11~20","11,650","8","2004","백마로213번길"
"경기도 고양일산동구 장항동","852-1","852","1","한솔프레미낭","35.15","201803","11~20","13,400","7","2004","백마로213번길"
"경기도 고양일산동구 장항동","848-1","848","1","현대타운빌","40","201803","11~20","12,200","7","2000","중앙로"
"경기도 고양일산동구 장항동","848-1","848","1","현대타운빌","40","201803","21~31","11,800","2","2000","중앙로"
"경기도 고양일산동구 장항동","752-1","752","1","호수그린오피스텔","44.85","201803","11~20","16,500","12","2000","무궁화로"
"경기도 고양일산동구 장항동","752-1","752","1","호수그린오피스텔","44.46","201803","21~31","13,000","10","2000","무궁화로"
"경기도 고양일산동구 정발산동","785","785","0","일산현대아이스페이스","175.5","201803","21~31","41,000","3","2001","중앙로"
"경기도 고양일산서구 대화동","2198","2198","0","동남아트월드","42.51","201803","21~31","13,300","5","2003","일산로"
"경기도 고양일산서구 대화동","2223","2223","0","삼운트루아오피스텔","37.24","201803","1~10","14,200","5","2003","중앙로"
"경기도 고양일산서구 대화동","2199","2199","0","신동아노블타워","29.59","201803","1~10","11,500","7","2004","중앙로"
"경기도 고양일산서구 대화동","2199","2199","0","신동아노블타워","31.88","201803","11~20","11,000","5","2004","중앙로"
"경기도 고양일산서구 대화동","2222-2","2222","2","영림브레아","33.01","201803","1~10","10,100","6","2002","중앙로"
"경기도 고양일산서구 대화동","2219","2219","0","하이투모로 오피스텔","22","201803","1~10","14,800","3","2015","null"
"경기도 고양일산서구 대화동","2219","2219","0","하이투모로 오피스텔","22","201803","21~31","15,200","8","2015","null"
"경기도 고양일산서구 탄현동","1574-7","1574","7","예일 센스빌3차","20.77","201803","21~31","5,100","3","2002","일현로"
"경기도 광명시 광명동","142-3","142","3","	(142-3)	","29.07","201803","11~20","10,950","10","2003","광명로"
"경기도 광명시 광명동","93-6","93","6","	(93-6)	","28.62","201803","1~10","10,700","8","2003","광명로"
"경기도 광명시 광명동","346-11","346","11","SM하우스","77.32","201803","21~31","28,300","3","2016","광화로"
"경기도 광명시 광명동","158-933","158","933","모아캐슬","80.02","201803","21~31","28,900","2","2015","오리로1009번길"
"경기도 광명시 광명동","139-12","139","12","하임팰리스","84.45","201803","1~10","35,100","2","null","광명로928번길"
"경기도 광명시 소하동","1342-4","1342","4","소하람 1","16.67","201803","11~20","13,000","5","2017","소하로76번길"
"경기도 광명시 소하동","1342-4","1342","4","소하람 1","16.67","201803","21~31","10,300","8","2017","소하로76번길"
"경기도 광명시 일직동","511-4","511","4","아이디에스타워","46.12","201803","21~31","28,500","9","2018","신기로17번길"
"경기도 광명시 일직동","511-4","511","4","아이디에스타워","46.12","201803","21~31","28,500","8","2018","신기로17번길"
"경기도 광명시 철산동","473-14","473","14","철산동 오피스텔","25.2","201803","11~20","12,000","5","2003","오리로"
"경기도 광명시 철산동","473-14","473","14","철산동 오피스텔","25.94","201803","11~20","11,900","11","2003","오리로"
"경기도 광명시 철산동","473-14","473","14","철산동 오피스텔","25.2","201803","21~31","11,700","10","2003","오리로"
"경기도 구리시 교문동","245-8","245","8","구리노블하임오피스텔","49.93","201803","21~31","17,100","14","2008","경춘로"
"경기도 구리시 교문동","245-8","245","8","구리노블하임오피스텔","49.93","201803","21~31","18,000","12","2008","경춘로"
"경기도 구리시 교문동","735-9","735","9","다건씨티","48.42","201803","21~31","19,242","12","2004","안골로"
"경기도 구리시 교문동","207-2","207","2","행운오피스텔","34.77","201803","11~20","8,500","4","2002","아차산로506번길"
"경기도 구리시 수택동","518-6","518","6","씨티캐슬","74.07","201803","1~10","24,800","6","null","수택천로33번길"
"경기도 구리시 인창동","264-4","264","4","쌍용플래티넘선스타워","32.16","201803","1~10","15,000","7","2005","경춘로"
"경기도 구리시 인창동","264-4","264","4","쌍용플래티넘선스타워","35.59","201803","21~31","15,950","13","2005","경춘로"
"경기도 군포시 당동","872-2","872","2","	(872-2)	","24.48","201803","1~10","5,100","3","2002","용호2로"
"경기도 군포시 당동","748-25","748","25","씨티캐슬","84.23","201803","11~20","27,900","9","2018","산본로"
"경기도 군포시 당동","748-25","748","25","씨티캐슬","84.23","201803","21~31","27,400","10","2018","산본로"
"경기도 군포시 당동","748-25","748","25","씨티캐슬","84.23","201803","21~31","27,900","11","2018","산본로"
"경기도 군포시 당동","747-4","747","4","씨티프라임","79.89","201803","21~31","26,900","9","2017","군포로580번길"
"경기도 군포시 부곡동","1218-5","1218","5","삼성프라임","84.81","201803","11~20","28,000","4","2016","null"
"경기도 군포시 부곡동","1192","1192","0","상훈오피스텔","31.65","201803","21~31","15,900","3","2016","군포로"
"경기도 군포시 산본동","1142-2","1142","2","산본대우디오플러스","33.95","201803","1~10","12,400","16","2002","번영로"
"경기도 군포시 산본동","1142-2","1142","2","산본대우디오플러스","34.73","201803","11~20","12,950","15","2002","번영로"
"경기도 군포시 산본동","1123-2","1123","2","인베스텔","40.05","201803","1~10","14,300","12","2003","산본천로"
"경기도 군포시 산본동","1123-2","1123","2","인베스텔","31.19","201803","11~20","13,000","7","2003","산본천로"
"경기도 김포시 사우동","205-1","205","1","가동","27.07","201803","1~10","6,500","4","2011","돌문로95번길"
"경기도 김포시 사우동","928","928","0","김포아트프라자","41.13","201803","21~31","8,000","6","2002","사우중로"
"경기도 김포시 사우동","882","882","0","네오빌 오피스텔","24.42","201803","21~31","7,400","4","2003","사우중로74번길"
"경기도 남양주시 다산동","667-4","667","4","(667-4)","26.12","201803","21~31","15,614","7","2017","null"
"경기도 남양주시 다산동","668-2","668","2","가운 리슈빌 오피스텔","20.95","201803","1~10","13,800","2","2017","null"
"경기도 남양주시 다산동","668-2","668","2","가운 리슈빌 오피스텔","20.95","201803","21~31","12,500","5","2017","null"
"경기도 남양주시 다산동","668-2","668","2","가운 리슈빌 오피스텔","20.95","201803","21~31","12,500","5","2017","null"
"경기도 남양주시 다산동","667-3","667","3","마이라이프","28.63","201803","11~20","13,800","8","2015","null"
"경기도 남양주시 별내동","1007-3","1007","3","메트로망","22.27","201803","1~10","13,000","13","2016","별내중앙로"
"경기도 남양주시 별내동","1007-3","1007","3","메트로망","22.27","201803","1~10","13,000","15","2016","별내중앙로"
"경기도 남양주시 별내동","1007-1","1007","1","백상앨리츠 오피스텔 1차","23.77","201803","11~20","10,550","11","2015","별내중앙로"
"경기도 남양주시 별내동","1007-1","1007","1","백상앨리츠 오피스텔 1차","22.23","201803","21~31","10,590","15","2015","별내중앙로"
"경기도 남양주시 별내동","1007-2","1007","2","백상앨리츠 오피스텔 2차","22.23","201803","21~31","10,500","8","null","null"
"경기도 남양주시 별내면 청학리","418","418","0","청학스파빌","36.85","201803","11~20","8,950","11","2004","청학로"
"경기도 남양주시 별내면 청학리","418","418","0","청학스파빌","30.78","201803","21~31","8,300","11","2004","청학로"
"경기도 남양주시 별내면 청학리","418","418","0","청학스파빌","19.98","201803","21~31","4,900","4","2004","청학로"
"경기도 동두천시 생연동","832","832","0","브라운스톤 동두천","25.64","201803","1~10","7,650","8","2014","null"
"경기도 부천시 범박동","211-4","211","4","(211-4)","72.63","201803","1~10","22,000","2","2016","null"
"경기도 부천시 범박동","211-2","211","2","광백오피스텔Ⅱ","65.27","201803","11~20","17,900","2","2014","null"
"경기도 부천시 범박동","212-2","212","2","트윈스파이어","61.04","201803","1~10","23,300","6","2017","null"
"경기도 부천시 상동","412-2","412","2","	대명앤스빌(1차)	","28.22","201803","11~20","10,600","5","2003","null"
"경기도 부천시 상동","454","454","0","대명앤스빌2","29.93","201803","1~10","9,700","12","2003","null"
"경기도 부천시 상동","454","454","0","대명앤스빌2","29.93","201803","21~31","9,500","5","2003","null"
"경기도 부천시 상동","454","454","0","대명앤스빌2","30.73","201803","21~31","9,500","5","2003","null"
"경기도 부천시 상동","546-2","546","2","두성프라자","26.03","201803","21~31","7,500","6","2002","null"
"경기도 부천시 상동","530-1","530","1","디아뜨갤러리4","21.25","201803","1~10","7,950","4","2005","null"
"경기도 부천시 상동","530-1","530","1","디아뜨갤러리4","21.25","201803","11~20","8,600","11","2005","null"
"경기도 부천시 상동","530-1","530","1","디아뜨갤러리4","21.25","201803","21~31","8,050","8","2005","null"
"경기도 부천시 상동","442-1","442","1","상동 대우마이빌","25.25","201803","1~10","8,350","11","2003","null"
"경기도 부천시 상동","442-1","442","1","상동 대우마이빌","37.3","201803","11~20","10,200","5","2003","null"
"경기도 부천시 상동","442-1","442","1","상동 대우마이빌","32.23","201803","21~31","8,900","11","2003","null"
"경기도 부천시 상동","402-1","402","1","상동아크로텔","38.12","201803","11~20","11,970","13","2004","null"
"경기도 부천시 상동","402-1","402","1","상동아크로텔","38.12","201803","11~20","12,000","8","2004","null"
"경기도 부천시 상동","402-1","402","1","상동아크로텔","27.69","201803","11~20","9,500","7","2004","null"
"경기도 부천시 상동","402-1","402","1","상동아크로텔","23.6","201803","21~31","8,300","13","2004","null"
"경기도 부천시 상동","402-1","402","1","상동아크로텔","23.6","201803","21~31","8,250","4","2004","null"
"경기도 부천시 상동","402-1","402","1","상동아크로텔","23.6","201803","21~31","8,300","13","2004","null"
"경기도 부천시 상동","447","447","0","송내리더스텔","48.21","201803","1~10","9,500","6","1999","null"
"경기도 부천시 상동","447","447","0","송내리더스텔","34.06","201803","1~10","7,250","8","1999","null"
"경기도 부천시 상동","533-10","533","10","토성 프라자.텔","25.3","201803","1~10","7,000","6","2002","null"
"경기도 부천시 소사본동","65-6","65","6","부성파인","57.07","201803","1~10","25,000","7","null","경인로"
"경기도 부천시 송내동","565-1","565","1","해마루플러스(565-1)","81.55","201803","21~31","18,400","3","2012","null"
"경기도 부천시 심곡동","349-3","349","3","노마즈하우스","19.33","201803","21~31","7,600","8","2012","null"
"경기도 부천시 심곡동","349-3","349","3","노마즈하우스","19.33","201803","21~31","7,650","7","2012","null"
"경기도 부천시 심곡동","129-12","129","12","지스테이하우스","67.56","201803","11~20","26,400","9","2018","원미로17번길"
"경기도 부천시 심곡동","130-6","130","6","화신오피스텔","34.63","201803","1~10","7,400","11","2001","null"
"경기도 부천시 심곡본동","527","527","0","케이씨씨엠파이어타워","74.44","201803","1~10","20,900","11","2006","null"
"경기도 부천시 심곡본동","527","527","0","케이씨씨엠파이어타워","71.02","201803","1~10","19,600","19","2006","null"
"경기도 부천시 심곡본동","527","527","0","케이씨씨엠파이어타워","173.38","201803","11~20","42,000","23","2006","null"
"경기도 부천시 심곡본동","527","527","0","케이씨씨엠파이어타워","85.83","201803","21~31","22,000","10","2006","null"
"경기도 부천시 심곡본동","527","527","0","케이씨씨엠파이어타워","71.61","201803","21~31","17,900","4","2006","null"
"경기도 부천시 중동","1144-1","1144","1","굿모닝위너스텔3차","21.6","201803","11~20","8,500","6","2003","null"
"경기도 부천시 중동","1144-1","1144","1","굿모닝위너스텔3차","31.32","201803","21~31","11,750","13","2003","null"
"경기도 부천시 중동","1160-1","1160","1","대우마이빌 센트럴파크","28.28","201803","11~20","11,500","10","2004","null"
"경기도 부천시 중동","1160-1","1160","1","대우마이빌 센트럴파크","35.68","201803","11~20","15,300","12","2004","null"
"경기도 부천시 중동","1125-1","1125","1","루미아트","69","201803","21~31","21,000","4","2004","null"
"경기도 부천시 중동","1152-1","1152","1","루미아트클래식","75.66","201803","1~10","24,000","3","2005","null"
"경기도 부천시 중동","1145","1145","0","매트로팰리스 Ⅱ-A","26.72","201803","1~10","9,100","6","2004","null"
"경기도 부천시 중동","1145","1145","0","매트로팰리스 Ⅱ-A","26.72","201803","11~20","9,250","6","2004","null"
"경기도 부천시 중동","1145","1145","0","매트로팰리스 Ⅱ-A","50.04","201803","11~20","12,700","13","2004","null"
"경기도 부천시 중동","1145","1145","0","매트로팰리스 Ⅱ-A","50.04","201803","11~20","13,000","6","2004","null"
"경기도 부천시 중동","1145-1","1145","1","매트로펠리스Ⅱ-B","30.66","201803","1~10","10,500","10","2004","null"
"경기도 부천시 중동","1145-1","1145","1","매트로펠리스Ⅱ-B","30.66","201803","1~10","10,600","4","2004","null"
"경기도 부천시 중동","1145-1","1145","1","매트로펠리스Ⅱ-B","30.66","201803","11~20","10,600","7","2004","null"
"경기도 부천시 중동","1145-1","1145","1","매트로펠리스Ⅱ-B","30.66","201803","21~31","10,500","4","2004","null"
"경기도 부천시 중동","1152-3","1152","3","메트로팰리스1 비동","19.31","201803","1~10","7,900","6","2004","null"
"경기도 부천시 중동","1152-3","1152","3","메트로팰리스1 비동","17.38","201803","21~31","8,000","6","2004","null"
"경기도 부천시 중동","1152-2","1152","2","메트로팰리스1 에이동","17.38","201803","1~10","7,750","5","2004","null"
"경기도 부천시 중동","1152-2","1152","2","메트로팰리스1 에이동","19.31","201803","11~20","8,690","5","2004","null"
"경기도 부천시 중동","1152-2","1152","2","메트로팰리스1 에이동","19.31","201803","11~20","8,200","6","2004","null"
"경기도 부천시 중동","1151-3","1151","3","메트로펠리스3","23.56","201803","11~20","8,100","7","2003","null"
"경기도 부천시 중동","1149","1149","0","부천중동리슈빌엔클래스","94.2","201803","1~10","29,700","17","2006","null"
"경기도 부천시 중동","1079-2","1079","2","블래스랜드","35.28","201803","11~20","8,700","7","2005","null"
"경기도 부천시 중동","1079-2","1079","2","블래스랜드","48.05","201803","21~31","13,000","6","2005","null"
"경기도 부천시 중동","1146-5","1146","5","센트럴파크리움","26.21","201803","11~20","14,000","4","null","null"
"경기도 부천시 중동","1143","1143","0","신일아르디세","92.42","201803","1~10","28,800","12","2005","null"
"경기도 부천시 중동","1143","1143","0","신일아르디세","88.82","201803","1~10","25,000","11","2005","null"
"경기도 부천시 중동","1143","1143","0","신일아르디세","76.9","201803","1~10","21,500","13","2005","null"
"경기도 부천시 중동","1120-1","1120","1","아이엔유 포비스타 오피스텔","33.04","201803","21~31","9,300","8","2006","null"
"경기도 부천시 중동","1120-1","1120","1","아이엔유 포비스타 오피스텔","29.41","201803","21~31","9,050","15","2006","null"
"경기도 부천시 중동","1106","1106","0","위브더스테이트(1106-0)","80.22","201803","1~10","30,500","6","2007","null"
"경기도 부천시 중동","1106","1106","0","위브더스테이트(1106-0)","79.71","201803","1~10","29,400","5","2007","null"
"경기도 부천시 중동","1109","1109","0","위브더스테이트(1109-0)","146.27","201803","21~31","45,000","17","2007","null"
"경기도 부천시 중동","1110","1110","0","위브더스테이트(1110-0)","114.22","201803","1~10","40,500","26","2007","null"
"경기도 부천시 중동","1148","1148","0","이안 더 클래식","128.23","201803","11~20","38,000","25","2007","null"
"경기도 부천시 중동","1148-2","1148","2","중동대우마이빌Ⅱ","32.08","201803","1~10","12,850","7","2004","null"
"경기도 부천시 중동","1148-2","1148","2","중동대우마이빌Ⅱ","32.08","201803","1~10","13,200","9","2004","null"
"경기도 부천시 중동","1141","1141","0","코스모폴리탄","30.43","201803","1~10","12,600","16","2005","null"
"경기도 부천시 중동","1141","1141","0","코스모폴리탄","30.43","201803","11~20","12,500","9","2005","null"
"경기도 부천시 중동","1141","1141","0","코스모폴리탄","26.14","201803","21~31","11,800","18","2005","null"
"경기도 부천시 중동","1140-2","1140","2","트리플 타워 A","80.42","201803","1~10","24,500","9","2004","null"
"경기도 부천시 중동","1140-4","1140","4","트리플 타워C","31.8","201803","1~10","13,200","13","2004","null"
"경기도 부천시 중동","1140-4","1140","4","트리플 타워C","56.55","201803","11~20","18,000","13","2004","null"
"경기도 부천시 중동","1160-2","1160","2","필레오트윈파크1","35.22","201803","1~10","15,300","14","2004","null"
"경기도 부천시 중동","1160-3","1160","3","필레오트윈파크2동","35.22","201803","11~20","15,500","7","2004","null"
"경기도 부천시 중동","1162-1","1162","1","화이트밸리","22.43","201803","1~10","8,000","10","2003","null"
"경기도 성남분당구 구미동","192","192","0","LG트윈하우스","42.12","201803","21~31","14,500","6","1999","성남대로2번길"
"경기도 성남분당구 구미동","189-1","189","1","성우스타우스오피스텔","44.25","201803","1~10","17,900","3","2004","구미로"
"경기도 성남분당구 구미동","189-1","189","1","성우스타우스오피스텔","32.24","201803","1~10","14,700","5","2004","구미로"
"경기도 성남분당구 구미동","189-1","189","1","성우스타우스오피스텔","32.6","201803","11~20","15,600","7","2004","구미로"
"경기도 성남분당구 구미동","189-1","189","1","성우스타우스오피스텔","32.6","201803","21~31","15,500","7","2004","구미로"
"경기도 성남분당구 구미동","189-1","189","1","성우스타우스오피스텔","54.66","201803","21~31","22,000","7","2004","구미로"
"경기도 성남분당구 구미동","189-1","189","1","성우스타우스오피스텔","32.6","201803","21~31","15,700","6","2004","구미로"
"경기도 성남분당구 구미동","187-2","187","2","세종그랑시아∥","36.2","201803","1~10","15,200","4","2003","구미로9번길"
"경기도 성남분당구 구미동","187-2","187","2","세종그랑시아∥","32.2","201803","1~10","14,400","3","2003","구미로9번길"
"경기도 성남분당구 구미동","187-3","187","3","세종그랑시아｜","36.2","201803","1~10","14,900","4","2003","구미로9번길"
"경기도 성남분당구 구미동","187-3","187","3","세종그랑시아｜","36.2","201803","1~10","15,000","8","2003","구미로9번길"
"경기도 성남분당구 구미동","187-3","187","3","세종그랑시아｜","32.2","201803","11~20","14,500","3","2003","구미로9번길"
"경기도 성남분당구 구미동","18","18","0","시그마2 오피스텔","50.3","201803","1~10","18,950","8","1999","탄천상로"
"경기도 성남분당구 구미동","18","18","0","시그마2 오피스텔","50.3","201803","1~10","20,000","6","1999","탄천상로"
"경기도 성남분당구 구미동","18","18","0","시그마2 오피스텔","61.23","201803","1~10","26,500","4","1999","탄천상로"
"경기도 성남분당구 구미동","18","18","0","시그마2 오피스텔","50.3","201803","11~20","19,000","6","1999","탄천상로"
"경기도 성남분당구 구미동","156","156","0","포스빌","32.9","201803","11~20","16,300","6","2004","성남대로"
"경기도 성남분당구 구미동","156","156","0","포스빌","35.63","201803","11~20","15,000","8","2004","성남대로"
"경기도 성남분당구 구미동","156","156","0","포스빌","32.9","201803","21~31","15,200","2","2004","성남대로"
"경기도 성남분당구 구미동","156","156","0","포스빌","37.87","201803","21~31","15,500","2","2004","성남대로"
"경기도 성남분당구 금곡동","171","171","0","골든벨리오피스텔","36.36","201803","11~20","16,400","7","2003","성남대로171번길"
"경기도 성남분당구 금곡동","171","171","0","골든벨리오피스텔","36.36","201803","21~31","19,200","2","2003","성남대로171번길"
"경기도 성남분당구 금곡동","172","172","0","씨티밸리","35.4","201803","1~10","21,200","8","2003","성남대로171번길"
"경기도 성남분당구 금곡동","172","172","0","씨티밸리","36.54","201803","11~20","19,800","7","2003","성남대로171번길"
"경기도 성남분당구 금곡동","161","161","0","천사의도시 오피스텔","35.63","201803","21~31","19,950","6","2004","성남대로"
"경기도 성남분당구 금곡동","161","161","0","천사의도시 오피스텔","57.4","201803","21~31","23,400","5","2004","성남대로"
"경기도 성남분당구 금곡동","165","165","0","천사의도시Ⅱ오피스텔","37.95","201803","1~10","19,100","6","2004","돌마로"
"경기도 성남분당구 금곡동","165","165","0","천사의도시Ⅱ오피스텔","37.95","201803","11~20","17,700","3","2004","돌마로"
"경기도 성남분당구 금곡동","170","170","0","천사의도시Ⅲ오피스텔","36.16","201803","11~20","18,600","5","2004","정자일로6번길"
"경기도 성남분당구 금곡동","170","170","0","천사의도시Ⅲ오피스텔","36.16","201803","21~31","15,200","4","2004","정자일로6번길"
"경기도 성남분당구 금곡동","210","210","0","코오롱트리폴리스Ⅰ","155.66","201803","1~10","71,000","21","2001","정자일로"
"경기도 성남분당구 금곡동","210","210","0","코오롱트리폴리스Ⅰ","45.22","201803","11~20","23,000","29","2001","정자일로"
"경기도 성남분당구 금곡동","147","147","0","현대아리온 오피스텔","35.49","201803","1~10","21,800","6","2003","성남대로172번길"
"경기도 성남분당구 금곡동","147","147","0","현대아리온 오피스텔","45.72","201803","1~10","25,800","8","2003","성남대로172번길"
"경기도 성남분당구 삼평동","647","647","0","(647)","31.04","201803","1~10","27,500","9","2012","대왕판교로606번길"
"경기도 성남분당구 삼평동","647","647","0","(647)","25.83","201803","1~10","21,000","10","2012","대왕판교로606번길"
"경기도 성남분당구 삼평동","684","684","0","M TOWER","18.4","201803","11~20","16,700","8","2012","판교역로241번길"
"경기도 성남분당구 삼평동","684","684","0","M TOWER","16.87","201803","21~31","16,500","7","2012","판교역로241번길"
"경기도 성남분당구 삼평동","684","684","0","M TOWER","16.87","201803","21~31","16,500","8","2012","판교역로241번길"
"경기도 성남분당구 삼평동","659","659","0","판교 효성 해링턴 타워","27.1","201803","11~20","25,500","7","2013","판교역로192번길"
"경기도 성남분당구 삼평동","657","657","0","판교역 KCC웰츠타워(657-0)","84.51","201803","21~31","55,000","11","2013","분당내곡로"
"경기도 성남분당구 삼평동","653","653","0","판교역 푸르지오시티","28.85","201803","11~20","27,000","7","2014","대왕판교로606번길"
"경기도 성남분당구 서현동","245-1","245","1","분당오벨리스크","35.78","201803","11~20","18,500","9","2003","서현로"
"경기도 성남분당구 서현동","245-1","245","1","분당오벨리스크","35.78","201803","21~31","18,100","12","2003","서현로"
"경기도 성남분당구 서현동","255-1","255","1","분당풍림아이원플러스오피스텔","70","201803","1~10","28,500","19","2004","서현로"
"경기도 성남분당구 서현동","255-1","255","1","분당풍림아이원플러스오피스텔","40","201803","1~10","18,200","17","2004","서현로"
"경기도 성남분당구 서현동","255-1","255","1","분당풍림아이원플러스오피스텔","40","201803","1~10","17,900","12","2004","서현로"
"경기도 성남분당구 서현동","255-1","255","1","분당풍림아이원플러스오피스텔","40","201803","1~10","17,600","20","2004","서현로"
"경기도 성남분당구 서현동","255-1","255","1","분당풍림아이원플러스오피스텔","40","201803","1~10","18,800","15","2004","서현로"
"경기도 성남분당구 서현동","255-1","255","1","분당풍림아이원플러스오피스텔","60","201803","11~20","26,500","11","2004","서현로"
"경기도 성남분당구 서현동","255-1","255","1","분당풍림아이원플러스오피스텔","40","201803","11~20","18,400","18","2004","서현로"
"경기도 성남분당구 서현동","255-1","255","1","분당풍림아이원플러스오피스텔","40","201803","21~31","18,500","17","2004","서현로"
"경기도 성남분당구 서현동","255-1","255","1","분당풍림아이원플러스오피스텔","35","201803","21~31","16,500","22","2004","서현로"
"경기도 성남분당구 서현동","255-1","255","1","분당풍림아이원플러스오피스텔","68","201803","21~31","28,000","24","2004","서현로"
"경기도 성남분당구 서현동","251-3","251","3","엘지분당에클라트","45.01","201803","1~10","19,700","9","2004","서현로"
"경기도 성남분당구 서현동","251-3","251","3","엘지분당에클라트","45.01","201803","11~20","18,800","12","2004","서현로"
"경기도 성남분당구 서현동","251-3","251","3","엘지분당에클라트","35.14","201803","21~31","17,750","12","2004","서현로"
"경기도 성남분당구 서현동","245-4","245","4","엘지분당에클라트2차","61.49","201803","11~20","22,200","7","2004","서현로"
"경기도 성남분당구 서현동","88","88","0","지엔느 오피스텔","95.14","201803","11~20","41,000","3","2003","중앙공원로39번길"
"경기도 성남분당구 서현동","276-1","276","1","한라시그마파크","37.31","201803","1~10","17,800","8","2003","황새울로"
"경기도 성남분당구 서현동","276-1","276","1","한라시그마파크","37.31","201803","11~20","18,500","5","2003","황새울로"
"경기도 성남분당구 서현동","276-1","276","1","한라시그마파크","37.31","201803","11~20","17,000","9","2003","황새울로"
"경기도 성남분당구 수내동","23-1","23","1","로얄팰리스 하우스빌","33.35","201803","1~10","17,850","9","2004","백현로"
"경기도 성남분당구 수내동","23-1","23","1","로얄팰리스 하우스빌","45.27","201803","1~10","24,800","17","2004","백현로"
"경기도 성남분당구 수내동","23-1","23","1","로얄팰리스 하우스빌","29.5","201803","1~10","17,200","14","2004","백현로"
"경기도 성남분당구 수내동","23-1","23","1","로얄팰리스 하우스빌","21.85","201803","11~20","14,400","14","2004","백현로"
"경기도 성남분당구 수내동","23-1","23","1","로얄팰리스 하우스빌","39.75","201803","11~20","19,500","14","2004","백현로"
"경기도 성남분당구 수내동","23-1","23","1","로얄팰리스 하우스빌","21.85","201803","11~20","14,550","15","2004","백현로"
"경기도 성남분당구 수내동","23-1","23","1","로얄팰리스 하우스빌","21.85","201803","11~20","14,150","16","2004","백현로"
"경기도 성남분당구 수내동","10-1","10","1","분당 트라팰리스","56.89","201803","1~10","28,600","4","2004","황새울로"
"경기도 성남분당구 수내동","10-1","10","1","분당 트라팰리스","53.42","201803","1~10","27,500","2","2004","황새울로"
"경기도 성남분당구 수내동","10-1","10","1","분당 트라팰리스","50.99","201803","11~20","25,700","11","2004","황새울로"
"경기도 성남분당구 수내동","10-1","10","1","분당 트라팰리스","53.42","201803","11~20","28,500","7","2004","황새울로"
"경기도 성남분당구 수내동","16-4","16","4","삼라마이다스빌","73.76","201803","21~31","32,000","11","2004","황새울로200번길"
"경기도 성남분당구 수내동","5-2","5","2","삼성보보스쉐르빌","33.76","201803","1~10","18,500","10","2004","수내로"
"경기도 성남분당구 수내동","5-2","5","2","삼성보보스쉐르빌","33.76","201803","1~10","18,500","15","2004","수내로"
"경기도 성남분당구 수내동","22-1","22","1","수내동 퍼스티플러스오피스텔","72.62","201803","11~20","35,000","5","2004","황새울로"
"경기도 성남분당구 수내동","6-6","6","6","오피스텔 트레벨","36.32","201803","1~10","15,900","8","2002","황새울로258번길"
"경기도 성남분당구 수내동","11-1","11","1","청구블루빌","42.12","201803","11~20","16,500","12","2000","황새울로"
"경기도 성남분당구 수내동","11-1","11","1","청구블루빌","28.09","201803","21~31","14,800","12","2000","황새울로"
"경기도 성남분당구 수내동","21-2","21","2","판테온I오피스텔","136.16","201803","21~31","67,500","22","2000","황새울로200번길"
"경기도 성남분당구 수내동","21-2","21","2","판테온I오피스텔","140.4","201803","21~31","65,000","16","2000","황새울로200번길"
"경기도 성남분당구 수내동","16-7","16","7","한솔인피니티오피스텔","34.28","201803","21~31","16,500","4","2004","황새울로200번길"
"경기도 성남분당구 야탑동","367-5","367","5","노블리치1오피스텔","34.17","201803","1~10","15,500","6","2003","성남대로916번길"
"경기도 성남분당구 야탑동","367-5","367","5","노블리치1오피스텔","32.56","201803","11~20","15,200","8","2003","성남대로916번길"
"경기도 성남분당구 야탑동","367-6","367","6","노블리치2오피스텔","35.58","201803","1~10","11,500","7","2002","야탑로"
"경기도 성남분당구 야탑동","514-2","514","2","뉴젠빌원룸텔","21.92","201803","1~10","11,900","8","1998","야탑로"
"경기도 성남분당구 야탑동","514-2","514","2","뉴젠빌원룸텔","24.86","201803","1~10","11,500","3","1998","야탑로"
"경기도 성남분당구 야탑동","514-2","514","2","뉴젠빌원룸텔","23.22","201803","1~10","10,850","5","1998","야탑로"
"경기도 성남분당구 야탑동","514-2","514","2","뉴젠빌원룸텔","18.5","201803","21~31","10,900","3","1998","야탑로"
"경기도 성남분당구 야탑동","342-2","342","2","르네상스분당오피스텔","31.77","201803","1~10","17,200","6","2003","장미로48번길"
"경기도 성남분당구 야탑동","342-2","342","2","르네상스분당오피스텔","51.39","201803","11~20","22,000","5","2003","장미로48번길"
"경기도 성남분당구 야탑동","342-2","342","2","르네상스분당오피스텔","43.31","201803","11~20","20,500","5","2003","장미로48번길"
"경기도 성남분당구 야탑동","342-2","342","2","르네상스분당오피스텔","34.89","201803","11~20","19,400","6","2003","장미로48번길"
"경기도 성남분당구 야탑동","264-3","264","3","바움하우스","115.7","201803","11~20","35,000","1","2003","야탑로205번길"
"경기도 성남분당구 야탑동","360-1","360","1","시그마 3","40.79","201803","1~10","24,400","16","2003","장미로"
"경기도 성남분당구 야탑동","360-1","360","1","시그마 3","47.85","201803","1~10","27,000","14","2003","장미로"
"경기도 성남분당구 야탑동","360-1","360","1","시그마 3","28.65","201803","11~20","17,500","12","2003","장미로"
"경기도 성남분당구 야탑동","360-1","360","1","시그마 3","28.65","201803","11~20","17,400","14","2003","장미로"
"경기도 성남분당구 야탑동","219-1","219","1","아델파크빌","70.79","201803","1~10","27,700","7","2004","장미로"
"경기도 성남분당구 야탑동","342-3","342","3","엔즈 빌 오피스텔","31.96","201803","11~20","16,400","7","2003","장미로48번길"
"경기도 성남분당구 야탑동","342-3","342","3","엔즈 빌 오피스텔","31.96","201803","11~20","16,500","5","2003","장미로48번길"
"경기도 성남분당구 야탑동","345-2","345","2","한승 베네피아 오피스텔","31.79","201803","1~10","17,350","8","2003","성남대로925번길"
"경기도 성남분당구 운중동","943","943","0","큐브타워","29.67","201803","11~20","22,350","10","2015","null"
"경기도 성남분당구 정자동","168-1","168","1","대림아크로텔","41.09","201803","11~20","23,200","10","2004","성남대로"
"경기도 성남분당구 정자동","168-1","168","1","대림아크로텔","41.09","201803","11~20","21,500","2","2004","성남대로"
"경기도 성남분당구 정자동","168-1","168","1","대림아크로텔","37.58","201803","21~31","20,000","3","2004","성남대로"
"경기도 성남분당구 정자동","28-1","28","1","로얄팰리스","165.96","201803","11~20","84,200","11","2003","성남대로"
"경기도 성남분당구 정자동","17-2","17","2","백궁 동양파라곤","26.95","201803","1~10","21,300","20","2004","느티로"
"경기도 성남분당구 정자동","17-2","17","2","백궁 동양파라곤","26.95","201803","1~10","22,000","15","2004","느티로"
"경기도 성남분당구 정자동","17-2","17","2","백궁 동양파라곤","38.52","201803","11~20","26,000","18","2004","느티로"
"경기도 성남분당구 정자동","17-2","17","2","백궁 동양파라곤","57.14","201803","11~20","41,500","18","2004","느티로"
"경기도 성남분당구 정자동","17-2","17","2","백궁 동양파라곤","52.49","201803","21~31","39,500","7","2004","느티로"
"경기도 성남분당구 정자동","7","7","0","분당두산위브파빌리온","95.52","201803","1~10","60,000","23","2005","성남대로"
"경기도 성남분당구 정자동","7","7","0","분당두산위브파빌리온","52.98","201803","1~10","42,500","21","2005","성남대로"
"경기도 성남분당구 정자동","7","7","0","분당두산위브파빌리온","37.72","201803","1~10","27,500","28","2005","성남대로"
"경기도 성남분당구 정자동","7","7","0","분당두산위브파빌리온","76.53","201803","11~20","52,000","17","2005","성남대로"
"경기도 성남분당구 정자동","24","24","0","분당인텔리지2","76.36","201803","1~10","39,000","10","2004","정자일로"
"경기도 성남분당구 정자동","24","24","0","분당인텔리지2","75.91","201803","1~10","40,000","25","2004","정자일로"
"경기도 성남분당구 정자동","24","24","0","분당인텔리지2","42.97","201803","1~10","25,000","25","2004","정자일로"
"경기도 성남분당구 정자동","24","24","0","분당인텔리지2","26.42","201803","1~10","17,500","28","2004","정자일로"
"경기도 성남분당구 정자동","24","24","0","분당인텔리지2","76.36","201803","11~20","37,200","10","2004","정자일로"
"경기도 성남분당구 정자동","24","24","0","분당인텔리지2","34.15","201803","11~20","18,500","17","2004","정자일로"
"경기도 성남분당구 정자동","24","24","0","분당인텔리지2","26.8","201803","11~20","17,300","11","2004","정자일로"
"경기도 성남분당구 정자동","24","24","0","분당인텔리지2","38.16","201803","11~20","21,500","28","2004","정자일로"
"경기도 성남분당구 정자동","24","24","0","분당인텔리지2","33.12","201803","21~31","19,500","32","2004","정자일로"
"경기도 성남분당구 정자동","24","24","0","분당인텔리지2","38.16","201803","21~31","21,300","14","2004","정자일로"
"경기도 성남분당구 정자동","24","24","0","분당인텔리지2","76.36","201803","21~31","39,800","19","2004","정자일로"
"경기도 성남분당구 정자동","24","24","0","분당인텔리지2","75.91","201803","21~31","39,000","28","2004","정자일로"
"경기도 성남분당구 정자동","27","27","0","정자 I′PARK","149.31","201803","1~10","73,000","17","2002","백현로"
"경기도 성남분당구 정자동","27","27","0","정자 I′PARK","98.47","201803","1~10","57,800","15","2002","백현로"
"경기도 성남분당구 정자동","27","27","0","정자 I′PARK","94.8","201803","11~20","59,000","26","2002","백현로"
"경기도 성남분당구 정자동","16-2","16","2","정자동2차푸르지오시티","29.99","201803","11~20","25,000","14","2013","정자일로"
"경기도 성남분당구 정자동","162-2","162","2","정자동3차 푸르지오 시티","24.98","201803","1~10","21,900","24","2015","null"
"경기도 성남분당구 정자동","162-2","162","2","정자동3차 푸르지오 시티","29.44","201803","11~20","23,000","4","2015","null"
"경기도 성남분당구 정자동","162-2","162","2","정자동3차 푸르지오 시티","29.44","201803","21~31","27,400","25","2015","null"
"경기도 성남분당구 정자동","162-2","162","2","정자동3차 푸르지오 시티","25.27","201803","21~31","22,000","10","2015","null"
"경기도 성남분당구 정자동","16-1","16","1","정자역 AK 와이즈플레이스","29.65","201803","11~20","25,000","7","2015","null"
"경기도 성남분당구 정자동","166-1","166","1","정자역 엠코헤리츠 2단지","29.73","201803","21~31","24,300","3","2014","정자일로"
"경기도 성남분당구 정자동","154-1","154","1","타임브릿지","203.06","201803","11~20","145,000","32","2006","정자일로156번길"
"경기도 성남분당구 정자동","154-1","154","1","타임브릿지","203.06","201803","21~31","155,000","28","2006","정자일로156번길"
"경기도 성남분당구 판교동","625","625","0","리버스토리","41.53","201803","21~31","25,600","6","2011","운중로"
"경기도 성남수정구 신흥동","2555","2555","0","더 하우스 스테이션","82.58","201803","11~20","34,500","14","2018","공원로339번길"
"경기도 성남수정구 신흥동","2463-4","2463","4","한신프라자","34.02","201803","11~20","8,300","14","1992","산성대로"
"경기도 성남수정구 신흥동","2463-4","2463","4","한신프라자","42.1","201803","11~20","13,500","4","1992","산성대로"
"경기도 성남수정구 신흥동","2463-4","2463","4","한신프라자","38.17","201803","21~31","11,900","10","1992","산성대로"
"경기도 성남수정구 신흥동","2463-4","2463","4","한신프라자","34.02","201803","21~31","10,300","18","1992","산성대로"
"경기도 성남수정구 신흥동","2463-4","2463","4","한신프라자","25.92","201803","21~31","8,300","13","1992","산성대로"
"경기도 성남수정구 신흥동","2463-4","2463","4","한신프라자","38.17","201803","21~31","13,800","18","1992","산성대로"
"경기도 성남수정구 태평동","6523","6523","0","인티움","47.02","201803","1~10","20,900","12","2010","성남대로"
"경기도 성남수정구 태평동","6523","6523","0","인티움","62.65","201803","1~10","26,500","8","2010","성남대로"
"경기도 성남수정구 태평동","6523","6523","0","인티움","47.02","201803","21~31","19,000","11","2010","성남대로"
"경기도 성남중원구 금광동","2409","2409","0","창보시티렉스","23.79","201803","11~20","8,000","6","1998","광명로"
"경기도 성남중원구 도촌동","571","571","0","도촌파크오피스텔","29.68","201803","11~20","10,600","4","2010","도촌로8번길"
"경기도 성남중원구 도촌동","571","571","0","도촌파크오피스텔","29.17","201803","21~31","10,450","3","2010","도촌로8번길"
"경기도 성남중원구 상대원동","766","766","0","탑팰리스","83.21","201803","11~20","26,500","6","2018","금상로90번길"
"경기도 성남중원구 성남동","4169","4169","0","성남 메트로칸","47.02","201803","1~10","21,000","8","2011","성남대로"
"경기도 성남중원구 성남동","4169","4169","0","성남 메트로칸","41.11","201803","1~10","19,250","10","2011","성남대로"
"경기도 성남중원구 성남동","4169","4169","0","성남 메트로칸","31.64","201803","1~10","16,500","7","2011","성남대로"
"경기도 성남중원구 성남동","4169","4169","0","성남 메트로칸","31.64","201803","1~10","16,500","8","2011","성남대로"
"경기도 성남중원구 성남동","4169","4169","0","성남 메트로칸","36.93","201803","11~20","17,800","11","2011","성남대로"
"경기도 성남중원구 성남동","4169","4169","0","성남 메트로칸","35.47","201803","11~20","18,000","9","2011","성남대로"
"경기도 성남중원구 성남동","4169","4169","0","성남 메트로칸","36.93","201803","11~20","17,900","6","2011","성남대로"
"경기도 성남중원구 성남동","4169","4169","0","성남 메트로칸","47.18","201803","11~20","20,900","9","2011","성남대로"
"경기도 성남중원구 성남동","4169","4169","0","성남 메트로칸","36.32","201803","21~31","16,500","6","2011","성남대로"
"경기도 성남중원구 성남동","1404","1404","0","성남 센트럴 푸르지오 시티","48.2","201803","1~10","26,000","13","2017","광명로"
"경기도 성남중원구 성남동","1404","1404","0","성남 센트럴 푸르지오 시티","23.18","201803","11~20","14,090","5","2017","광명로"
"경기도 성남중원구 성남동","2164","2164","0","영건센스빌201호","34.51","201803","21~31","12,700","8","2004","산성대로"
"경기도 성남중원구 성남동","2263","2263","0","현대그린타운","37.62","201803","21~31","10,000","7","1999","광명로"
"경기도 성남중원구 하대원동","110-1","110","1","모란역리베니움I","40.83","201803","11~20","24,800","6","2017","둔촌대로"
"경기도 성남중원구 하대원동","110-1","110","1","모란역리베니움I","40.83","201803","11~20","25,000","9","2017","둔촌대로"
"경기도 수원권선구 권선동","1013-1","1013","1","세종그랑시아","32.7","201803","21~31","15,200","10","2004","효원로256번길"
"경기도 수원권선구 권선동","1013-1","1013","1","세종그랑시아","32.7","201803","21~31","14,000","12","2004","효원로256번길"
"경기도 수원권선구 권선동","1013-1","1013","1","세종그랑시아","32.7","201803","21~31","12,350","13","2004","효원로256번길"
"경기도 수원권선구 권선동","1311-6","1311","6","에스띠보보 1차","31.1","201803","1~10","8,400","5","2003","동수원로224번길"
"경기도 수원권선구 권선동","1011-14","1011","14","올림픽공원대우미래사랑 101동","71.61","201803","1~10","18,500","13","2004","효원로230번길"
"경기도 수원권선구 권선동","1011-14","1011","14","올림픽공원대우미래사랑 101동","35","201803","11~20","9,900","3","2004","효원로230번길"
"경기도 수원권선구 권선동","1011-10","1011","10","올림픽공원대우미래사랑102동","35","201803","1~10","9,500","2","2004","효원로230번길"
"경기도 수원권선구 권선동","1011-10","1011","10","올림픽공원대우미래사랑102동","71.61","201803","11~20","19,000","12","2004","효원로230번길"
"경기도 수원권선구 권선동","1023-2","1023","2","이오스 오피스텔","31.2","201803","11~20","10,900","9","2004","권광로"
"경기도 수원권선구 권선동","1023-2","1023","2","이오스 오피스텔","23.6","201803","11~20","8,900","10","2004","권광로"
"경기도 수원권선구 권선동","1023-2","1023","2","이오스 오피스텔","30","201803","21~31","11,100","13","2004","권광로"
"경기도 수원권선구 권선동","1013","1013","0","지오베르크","75.3","201803","21~31","21,000","9","2006","효원로256번길"
"경기도 수원권선구 권선동","1013","1013","0","지오베르크","75.3","201803","21~31","22,000","12","2006","효원로256번길"
"경기도 수원권선구 권선동","1010-1","1010","1","청광 노블하임","32.62","201803","21~31","9,800","11","2005","경수대로"
"경기도 수원권선구 권선동","1010-1","1010","1","청광 노블하임","30.98","201803","21~31","9,750","10","2005","경수대로"
"경기도 수원권선구 권선동","1013-4","1013","4","한라비발디파크","71.27","201803","1~10","20,200","12","2006","효원로256번길"
"경기도 수원권선구 권선동","1013-4","1013","4","한라비발디파크","36.1","201803","11~20","12,950","5","2006","효원로256번길"
"경기도 수원권선구 권선동","1013-4","1013","4","한라비발디파크","71.27","201803","21~31","20,500","13","2006","효원로256번길"
"경기도 수원권선구 금곡동","1113-5","1113","5","로얄팰리스","45.59","201803","1~10","22,360","5","2017","null"
"경기도 수원권선구 금곡동","1118-1","1118","1","세종타운721","24.48","201803","21~31","11,000","8","2017","null"
"경기도 수원권선구 세류동","1103-21","1103","21","이레빌","54.72","201803","11~20","8,500","6","null","경수대로277번길"
"경기도 수원권선구 세류동","1103-21","1103","21","이레빌","76.23","201803","11~20","11,500","6","null","경수대로277번길"
"경기도 수원영통구 영통동","998-7","998","7","(998-7)","24.38","201803","1~10","16,900","12","2017","null"
"경기도 수원영통구 영통동","998-7","998","7","(998-7)","24.38","201803","1~10","17,605","14","2017","null"
"경기도 수원영통구 영통동","998-7","998","7","(998-7)","24.38","201803","11~20","16,700","9","2017","null"
"경기도 수원영통구 영통동","947-8","947","8","Y.T오피스텔","24.42","201803","21~31","7,000","7","2003","봉영로1759번길"
"경기도 수원영통구 영통동","1024-14","1024","14","경희유니빌","29.68","201803","1~10","11,000","4","2003","덕영대로"
"경기도 수원영통구 영통동","1024-14","1024","14","경희유니빌","31.28","201803","21~31","10,700","10","2003","덕영대로"
"경기도 수원영통구 영통동","1012-1","1012","1","영통역아이파크","26.08","201803","1~10","16,500","19","2017","null"
"경기도 수원영통구 이의동","1257-4","1257","4","광교 파인렉스2","27.45","201803","1~10","13,500","6","2013","대학3로4번길"
"경기도 수원영통구 이의동","1257-4","1257","4","광교 파인렉스2","27.45","201803","21~31","13,400","6","2013","대학3로4번길"
"경기도 수원영통구 이의동","1331","1331","0","광교 푸르지오 월드마크","36.43","201803","11~20","26,500","10","2015","센트럴타운로"
"경기도 수원영통구 이의동","1332","1332","0","광교C1 호반베르디움","26.16","201803","1~10","18,200","5","2015","null"
"경기도 수원영통구 이의동","1332","1332","0","광교C1 호반베르디움","29.96","201803","21~31","19,800","7","2015","null"
"경기도 수원영통구 이의동","1330","1330","0","광교서희스타힐스오피스텔","29.85","201803","21~31","12,000","12","2012","센트럴타운로"
"경기도 수원영통구 이의동","1338","1338","0","광교센트럴푸르지오시티","28.92","201803","21~31","18,600","10","2015","도청로"
"경기도 수원영통구 이의동","1336-1","1336","1","광교엘포트아이파크","21.58","201803","21~31","14,140","10","2018","광교중앙로"
"경기도 수원영통구 이의동","1348-2","1348","2","광교하이니티","27.24","201803","11~20","14,700","7","2013","에듀타운로106번길"
"경기도 수원영통구 이의동","1352","1352","0","에듀하임1309오피스텔","62.99","201803","1~10","33,500","5","2014","에듀타운로"
"경기도 수원영통구 이의동","1352","1352","0","에듀하임1309오피스텔","62.99","201803","11~20","30,500","6","2014","에듀타운로"
"경기도 수원영통구 이의동","1352","1352","0","에듀하임1309오피스텔","62.99","201803","11~20","35,000","11","2014","에듀타운로"
"경기도 수원영통구 이의동","1352","1352","0","에듀하임1309오피스텔","62.99","201803","11~20","34,000","12","2014","에듀타운로"
"경기도 수원영통구 이의동","1352","1352","0","에듀하임1309오피스텔","46.91","201803","11~20","28,050","11","2014","에듀타운로"
"경기도 수원영통구 이의동","1352","1352","0","에듀하임1309오피스텔","62.99","201803","21~31","35,500","12","2014","에듀타운로"
"경기도 수원영통구 이의동","1352","1352","0","에듀하임1309오피스텔","62.99","201803","21~31","35,000","6","2014","에듀타운로"
"경기도 수원영통구 하동","1019","1019","0","광교 더샵 레이크파크","58.08","201803","21~31","44,500","23","null","null"
"경기도 수원영통구 하동","1014","1014","0","광교 힐스테이트 레이크","91.85","201803","1~10","60,000","31","2015","null"
"경기도 수원영통구 하동","1014","1014","0","광교 힐스테이트 레이크","84.68","201803","1~10","46,800","14","2015","null"
"경기도 수원영통구 하동","1014","1014","0","광교 힐스테이트 레이크","84.68","201803","1~10","46,800","10","2015","null"
"경기도 수원영통구 하동","1014","1014","0","광교 힐스테이트 레이크","84.83","201803","21~31","54,000","28","2015","null"
"경기도 수원영통구 하동","1014","1014","0","광교 힐스테이트 레이크","84.83","201803","21~31","50,000","22","2015","null"
"경기도 수원장안구 영화동","445-1","445","1","대명하이빌","84.79","201803","1~10","27,900","7","2017","장안로18번길"
"경기도 수원장안구 영화동","445-1","445","1","대명하이빌","84.79","201803","21~31","27,000","9","2017","장안로18번길"
"경기도 수원장안구 정자동","40-5","40","5","평산시티텔","30.87","201803","1~10","5,100","7","1997","장안로"
"경기도 수원장안구 정자동","40-5","40","5","평산시티텔","22.27","201803","21~31","3,900","6","1997","장안로"
"경기도 수원장안구 조원동","894","894","0","일호골든타워","34","201803","1~10","11,700","8","2003","경수대로"
"경기도 수원장안구 조원동","894","894","0","일호골든타워","34","201803","1~10","11,600","13","2003","경수대로"
"경기도 수원장안구 조원동","894","894","0","일호골든타워","34","201803","21~31","11,700","13","2003","경수대로"
"경기도 수원팔달구 교동","19-2","19","2","화성파크빌","59.98","201803","1~10","20,800","4","2017","향교로"
"경기도 수원팔달구 매산로1가","57-105","57","105","비젼포에버","29.89","201803","1~10","9,500","8","2003","덕영대로"
"경기도 수원팔달구 매산로1가","57-105","57","105","비젼포에버","28.08","201803","11~20","8,800","8","2003","덕영대로"
"경기도 수원팔달구 매산로1가","57-105","57","105","비젼포에버","27.36","201803","21~31","9,250","7","2003","덕영대로"
"경기도 수원팔달구 매산로1가","11-9","11","9","세진브론즈빌","32.34","201803","21~31","10,600","10","2006","덕영대로"
"경기도 수원팔달구 매산로2가","40-3","40","3","대주파크빌","55.25","201803","11~20","14,000","5","2006","향교로"
"경기도 수원팔달구 매산로2가","40-3","40","3","대주파크빌","55.4","201803","21~31","14,500","5","2006","향교로"
"경기도 수원팔달구 매산로2가","40-3","40","3","대주파크빌","55.4","201803","21~31","13,800","3","2006","향교로"
"경기도 수원팔달구 매산로2가","40-1","40","1","동인트루빌3오피스텔","27.19","201803","11~20","8,350","11","2005","매산로"
"경기도 수원팔달구 매산로2가","40-1","40","1","동인트루빌3오피스텔","27.19","201803","11~20","8,550","8","2005","매산로"
"경기도 수원팔달구 매산로2가","40-1","40","1","동인트루빌3오피스텔","27.19","201803","11~20","8,550","6","2005","매산로"
"경기도 수원팔달구 매산로3가","32-1","32","1","KCC파크타운","38.96","201803","21~31","11,500","9","2005","매산로"
"경기도 수원팔달구 우만동","92-1","92","1","블루하우스","35.72","201803","21~31","7,600","6","2003","중부대로223번길"
"경기도 수원팔달구 우만동","26-25","26","25","트레보","34.21","201803","11~20","10,000","11","2004","권광로"
"경기도 수원팔달구 인계동","1019-6","1019","6","ELYSIA","29.71","201803","1~10","15,498","5","2018","경수대로466번길"
"경기도 수원팔달구 인계동","1019-6","1019","6","ELYSIA","29.71","201803","1~10","15,498","5","2018","경수대로466번길"
"경기도 수원팔달구 인계동","754-17","754","17","다림베스트빌","84.85","201803","1~10","20,000","8","2008","수원천로210번길"
"경기도 수원팔달구 인계동","1131-1","1131","1","마이홈 오피스텔","60.06","201803","1~10","15,500","7","2004","효원로292번길"
"경기도 수원팔달구 인계동","1131-1","1131","1","마이홈 오피스텔","30.03","201803","1~10","9,600","13","2004","효원로292번길"
"경기도 수원팔달구 인계동","1135-1","1135","1","벨로시티","30.62","201803","21~31","8,500","14","2003","권선로"
"경기도 수원팔달구 인계동","1135-8","1135","8","삼부르네상스오피스텔","27.81","201803","1~10","8,200","11","2004","권선로"
"경기도 수원팔달구 인계동","1124-1","1124","1","수원인계자이오피스텔","82.57","201803","11~20","22,900","5","2006","권광로"
"경기도 수원팔달구 인계동","1124-1","1124","1","수원인계자이오피스텔","82.57","201803","11~20","23,000","8","2006","권광로"
"경기도 수원팔달구 인계동","939","939","0","신동아 파스텔","31.03","201803","11~20","9,200","15","2005","경수대로"
"경기도 수원팔달구 인계동","1046-13","1046","13","에스팝타워","37.5","201803","11~20","13,500","9","2005","효원로"
"경기도 수원팔달구 인계동","1036-6","1036","6","인계 오피앙 오피스텔","19.14","201803","11~20","6,000","10","2004","인계로"
"경기도 수원팔달구 인계동","1116-5","1116","5","인계동 삼환 아르누보파크","122.91","201803","21~31","35,800","16","2006","권광로196번길"
"경기도 수원팔달구 인계동","1119","1119","0","인계샤르망오피스텔","25.96","201803","1~10","10,000","11","2004","인계로166번길"
"경기도 수원팔달구 인계동","1119","1119","0","인계샤르망오피스텔","26.01","201803","21~31","9,000","6","2004","인계로166번길"
"경기도 수원팔달구 인계동","1134-9","1134","9","트윈파크비동","43.47","201803","1~10","13,000","13","2005","권선로"
"경기도 수원팔달구 인계동","1134-9","1134","9","트윈파크비동","54","201803","21~31","13,050","7","2005","권선로"
"경기도 수원팔달구 인계동","1134-4","1134","4","트윈파크에이동","19.95","201803","21~31","6,350","5","2005","효원로308번길"
"경기도 수원팔달구 인계동","1134-4","1134","4","트윈파크에이동","72.45","201803","21~31","16,500","4","2005","효원로308번길"
"경기도 수원팔달구 인계동","1016-2","1016","2","현대하이엘","36.71","201803","1~10","9,700","7","2004","경수대로"
"경기도 수원팔달구 인계동","1016-2","1016","2","현대하이엘","25.27","201803","21~31","8,000","14","2004","경수대로"
"경기도 시흥시 대야동","562-5","562","5","대야하이빌","24.5","201803","21~31","5,800","4","2000","비둘기공원로"
"경기도 시흥시 대야동","579-2","579","2","하이베라스텔","41.44","201803","11~20","9,300","3","2002","은행로"
"경기도 시흥시 정왕동","1622-1","1622","1","	시화굿모닝빌	","22.09","201803","21~31","6,250","6","2003","정왕대로"
"경기도 시흥시 정왕동","1733-1","1733","1","	화신오피스텔IVYCITY	","23.57","201803","1~10","7,700","8","2002","서촌상가4길"
"경기도 시흥시 정왕동","2164-2","2164","2","메가폴리스","25.27","201803","1~10","5,730","2","2005","협력로"
"경기도 시흥시 정왕동","2164-2","2164","2","메가폴리스","37.91","201803","11~20","9,000","4","2005","협력로"
"경기도 시흥시 정왕동","1366-14","1366","14","파인힐 오피스텔","32.19","201803","1~10","7,800","13","2003","마유로"
"경기도 시흥시 정왕동","1366-14","1366","14","파인힐 오피스텔","32.19","201803","21~31","7,600","8","2003","마유로"
"경기도 안산단원구 고잔동","530-2","530","2","거풍스카이팰리스","27.32","201803","1~10","8,680","7","2003","당곡로"
"경기도 안산단원구 고잔동","530-2","530","2","거풍스카이팰리스","25.8","201803","1~10","8,300","12","2003","당곡로"
"경기도 안산단원구 고잔동","523-6","523","6","대우마이빌","26.28","201803","1~10","7,800","14","2003","고잔로"
"경기도 안산단원구 고잔동","523-6","523","6","대우마이빌","26.28","201803","11~20","8,000","9","2003","고잔로"
"경기도 안산단원구 고잔동","523-6","523","6","대우마이빌","26.28","201803","21~31","7,700","6","2003","고잔로"
"경기도 안산단원구 고잔동","718-2","718","2","동남레이크빌","24.79","201803","11~20","10,000","8","2003","광덕1로"
"경기도 안산단원구 고잔동","718-2","718","2","동남레이크빌","22.2","201803","11~20","7,580","3","2003","광덕1로"
"경기도 안산단원구 고잔동","527-1","527","1","벨라지움오피스텔","24.94","201803","1~10","7,950","13","2003","화랑로"
"경기도 안산단원구 고잔동","527-3","527","3","아이즈빌Ⅱ 오피스텔","29.64","201803","21~31","8,500","11","2004","고잔로"
"경기도 안산단원구 고잔동","527-3","527","3","아이즈빌Ⅱ 오피스텔","29.64","201803","21~31","8,600","4","2004","고잔로"
"경기도 안산단원구 고잔동","527-3","527","3","아이즈빌Ⅱ 오피스텔","29.64","201803","21~31","8,500","4","2004","고잔로"
"경기도 안산단원구 고잔동","527-3","527","3","아이즈빌Ⅱ 오피스텔","29.64","201803","21~31","8,600","4","2004","고잔로"
"경기도 안산단원구 고잔동","527-9","527","9","중앙오피스텔","32.12","201803","1~10","4,200","9","1990","고잔로"
"경기도 안산단원구 고잔동","539-10","539","10","중앙하이츠빌","43.53","201803","21~31","13,200","26","2004","안산천서로"
"경기도 안산단원구 고잔동","539-4","539","4","휴 지오 오피스텔","23.14","201803","1~10","11,000","3","2016","고잔로"
"경기도 안산단원구 선부동","1077-15","1077","15","늘봄스위트빌2","18.66","201803","11~20","8,000","3","2003","선부광장로"
"경기도 안산단원구 신길동","1623","1623","0","모리아 오피스텔","43.14","201803","21~31","14,500","8","2013","중앙대로"
"경기도 안산단원구 신길동","1623","1623","0","모리아 오피스텔","20.58","201803","21~31","9,000","6","2013","중앙대로"
"경기도 안산단원구 신길동","1625","1625","0","위너스타워","22.91","201803","11~20","9,550","7","2015","null"
"경기도 안산단원구 초지동","744-6","744","6","스타캐슬","21.92","201803","1~10","7,800","6","2015","null"
"경기도 안산상록구 건건동","625-8","625","8","홍익리빙프라자","31.45","201803","11~20","2,950","3","1995","건건로"
"경기도 안산상록구 본오동","877-5","877","5","우남센스빌","17.5","201803","1~10","3,600","3","2003","상록수로"
"경기도 안산상록구 본오동","877-5","877","5","우남센스빌","25.74","201803","1~10","5,500","5","2003","상록수로"
"경기도 안산상록구 월피동","508-3","508","3","베스코아트빌","26.91","201803","1~10","4,000","3","2003","광덕산안길"
"경기도 안산상록구 월피동","508-3","508","3","베스코아트빌","32.76","201803","1~10","5,600","3","2003","광덕산안길"
"경기도 안산상록구 월피동","508-3","508","3","베스코아트빌","26.91","201803","11~20","4,600","10","2003","광덕산안길"
"경기도 안산상록구 월피동","508-3","508","3","베스코아트빌","32.76","201803","11~20","5,450","6","2003","광덕산안길"
"경기도 안산상록구 월피동","508-3","508","3","베스코아트빌","52.26","201803","11~20","6,800","12","2003","광덕산안길"
"경기도 안산상록구 월피동","508-3","508","3","베스코아트빌","32.76","201803","11~20","5,600","9","2003","광덕산안길"
"경기도 안산상록구 월피동","508-3","508","3","베스코아트빌","32.76","201803","11~20","5,600","10","2003","광덕산안길"
"경기도 안성시 공도읍 마정리","100-31","100","31","	(100-31)	","25.92","201803","11~20","1,600","2","2000","장미길"
"경기도 안성시 공도읍 마정리","100-31","100","31","	(100-31)	","25.92","201803","21~31","1,750","5","2000","장미길"
"경기도 안성시 공도읍 마정리","100-31","100","31","	(100-31)	","25.92","201803","21~31","1,740","4","2000","장미길"
"경기도 안성시 공도읍 만정리","785-11","785","11","엠씨티40","73.76","201803","11~20","16,900","3","2015","송원길"
"경기도 안양동안구 관양동","1488-35","1488","35","인덕원 골드프라자","48.45","201803","1~10","14,300","10","1981","흥안대로"
"경기도 안양동안구 관양동","1599-1","1599","1","평촌 샤르망-2 오피스텔","83.57","201803","11~20","30,000","11","2008","시민대로"
"경기도 안양동안구 관양동","1599-1","1599","1","평촌 샤르망-2 오피스텔","83.57","201803","11~20","29,500","10","2008","시민대로"
"경기도 안양동안구 관양동","1608-2","1608","2","평촌I-PARK","63.69","201803","11~20","31,800","17","2003","부림로"
"경기도 안양동안구 관양동","1596","1596","0","평촌그라테아II","43.5","201803","1~10","19,200","16","2004","시민대로"
"경기도 안양동안구 관양동","1588-6","1588","6","평촌라츠오피스텔","75.57","201803","11~20","23,000","9","2005","부림로"
"경기도 안양동안구 관양동","1591","1591","0","평촌아크로타워","66.57","201803","11~20","30,900","25","2007","시민대로"
"경기도 안양동안구 관양동","1591","1591","0","평촌아크로타워","66.57","201803","11~20","31,500","32","2007","시민대로"
"경기도 안양동안구 관양동","1591","1591","0","평촌아크로타워","66.57","201803","11~20","33,000","21","2007","시민대로"
"경기도 안양동안구 관양동","1591","1591","0","평촌아크로타워","34.39","201803","21~31","23,000","13","2007","시민대로"
"경기도 안양동안구 관양동","1591","1591","0","평촌아크로타워","66.57","201803","21~31","32,800","14","2007","시민대로"
"경기도 안양동안구 관양동","1591","1591","0","평촌아크로타워","66.57","201803","21~31","31,800","31","2007","시민대로"
"경기도 안양동안구 관양동","1594","1594","0","평촌아크로팰리스","47.77","201803","21~31","16,500","8","2004","시민대로"
"경기도 안양동안구 관양동","1594-1","1594","1","효성인텔리안","49.83","201803","1~10","22,900","12","2005","시민대로"
"경기도 안양동안구 관양동","1594-1","1594","1","효성인텔리안","32.43","201803","11~20","16,500","10","2005","시민대로"
"경기도 안양동안구 비산동","1167","1167","0","대광로제비앙","30.04","201803","21~31","8,020","2","2017","null"
"경기도 안양동안구 비산동","1115","1115","0","신안메트로칸","42.68","201803","1~10","18,900","8","2005","평촌대로"
"경기도 안양동안구 비산동","1115","1115","0","신안메트로칸","42.68","201803","1~10","19,000","10","2005","평촌대로"
"경기도 안양동안구 비산동","1115","1115","0","신안메트로칸","42.68","201803","1~10","19,000","9","2005","평촌대로"
"경기도 안양동안구 비산동","1115","1115","0","신안메트로칸","40.16","201803","11~20","18,800","14","2005","평촌대로"
"경기도 안양동안구 비산동","1115","1115","0","신안메트로칸","40.16","201803","21~31","18,800","20","2005","평촌대로"
"경기도 안양동안구 비산동","1115","1115","0","신안메트로칸","40.16","201803","21~31","18,700","14","2005","평촌대로"
"경기도 안양동안구 호계동","1048-3","1048","3","한솔센트럴파크 I","40.28","201803","1~10","18,400","13","2004","평촌대로"
"경기도 안양만안구 안양동","548-4","548","4","도정오피스텔","41.44","201803","1~10","9,000","13","1992","안양로"
"경기도 안양만안구 안양동","861-32","861","32","마인빌","25.07","201803","1~10","9,300","4","2005","만안로"
"경기도 안양만안구 안양동","861-32","861","32","마인빌","50.62","201803","11~20","14,800","10","2005","만안로"
"경기도 안양만안구 안양동","627-64","627","64","세르누비앙3차","56.11","201803","1~10","17,000","2","2015","null"
"경기도 안양만안구 안양동","622-342","622","342","어반휴플러스","66.23","201803","21~31","25,700","15","2018","만안로"
"경기도 안양만안구 안양동","435-1","435","1","프리빌 오피스텔","36.96","201803","11~20","8,500","10","2000","만안로"
"경기도 안양만안구 안양동","435-1","435","1","프리빌 오피스텔","36.96","201803","21~31","8,350","8","2000","만안로"
"경기도 안양만안구 안양동","390-16","390","16","하이트캐슬아파트","63.67","201803","11~20","22,800","3","null","안양로214번길"
"경기도 양주시 광적면 석우리","711-3","711","3","1동","62.27","201803","11~20","10,800","3","null","삼일로29번길"
"경기도 양주시 광적면 석우리","711-3","711","3","1동","78.37","201803","11~20","14,000","3","null","삼일로29번길"
"경기도 양주시 덕계동","693-12","693","12","이공하이빌3,4동","84.56","201803","1~10","19,000","7","null","평화로1413번길"
"경기도 양평군 용문면 다문리","785-4","785","4","골든타워","76.59","201803","11~20","19,000","5","2017","용문로"
"경기도 오산시 원동","374-4","374","4","비전탑","30.42","201803","1~10","7,250","7","2004","경기대로"
"경기도 오산시 원동","560-17","560","17","월드타워팰리스","64.3","201803","1~10","23,000","7","null","밀머리로"
"경기도 오산시 원동","560-17","560","17","월드타워팰리스","61.85","201803","21~31","23,000","10","null","밀머리로"
"경기도 오산시 원동","347-8","347","8","퍼스트랜드","19.04","201803","21~31","5,900","7","2012","오산로160번길"
"경기도 용인기흥구 구갈동","581-1","581","1","강남앤플러스","15.34","201803","1~10","3,200","5","2007","강남로"
"경기도 용인기흥구 구갈동","581-1","581","1","강남앤플러스","11.03","201803","1~10","3,100","5","2007","강남로"
"경기도 용인기흥구 보정동","1266-5","1266","5","로얄캠퍼빌","37.66","201803","1~10","15,100","7","2008","죽현로"
"경기도 용인기흥구 서천동","283","283","0","희망의도시","13.62","201803","21~31","6,200","6","2013","서그내로"
"경기도 용인기흥구 신갈동","14-17","14","17","	(14-17)	","30.12","201803","11~20","4,500","3","1997","신갈로124번길"
"경기도 용인기흥구 중동","1043-3","1043","3","SI오피스텔","18.15","201803","11~20","12,000","6","2017","동백중앙로"
"경기도 용인기흥구 중동","1043-3","1043","3","SI오피스텔","18.15","201803","11~20","12,000","6","2017","동백중앙로"
"경기도 용인기흥구 중동","845-7","845","7","파크리움","26.22","201803","21~31","8,200","8","2013","동백3로11번길"
"경기도 용인수지구 동천동","899","899","0","분당 수지 유타워","23.68","201803","1~10","17,600","18","null","null"
"경기도 용인수지구 동천동","899","899","0","분당 수지 유타워","23.68","201803","11~20","16,500","12","null","null"
"경기도 용인수지구 동천동","899","899","0","분당 수지 유타워","23.68","201803","11~20","17,800","25","null","null"
"경기도 용인수지구 동천동","899","899","0","분당 수지 유타워","23.68","201803","11~20","17,800","18","null","null"
"경기도 용인수지구 동천동","899","899","0","분당 수지 유타워","23.68","201803","11~20","16,500","12","null","null"
"경기도 용인수지구 동천동","899","899","0","분당 수지 유타워","24.96","201803","11~20","17,900","11","null","null"
"경기도 용인수지구 동천동","899","899","0","분당 수지 유타워","24.96","201803","11~20","17,700","12","null","null"
"경기도 용인수지구 동천동","899","899","0","분당 수지 유타워","23.68","201803","21~31","17,800","19","null","null"
"경기도 용인수지구 동천동","899","899","0","분당 수지 유타워","23.55","201803","21~31","16,800","9","null","null"
"경기도 용인수지구 동천동","899","899","0","분당 수지 유타워","24.96","201803","21~31","17,400","6","null","null"
"경기도 용인수지구 상현동","1116-1","1116","1","광교푸르지오시티1단지","33.33","201803","1~10","66,000","1","2013","광교중앙로295번길"
"경기도 용인수지구 상현동","1132-1","1132","1","광교푸르지오시티2단지","26.5","201803","21~31","12,400","8","2013","광교중앙로296번길"
"경기도 용인수지구 상현동","1133","1133","0","엘리치안","30.54","201803","1~10","15,000","8","2012","광교중앙로"
"경기도 용인수지구 죽전동","1342-3","1342","3","단대타워","18.24","201803","21~31","11,900","3","2012","죽전로"
"경기도 용인수지구 풍덕천동","1195","1195","0","수지 푸르지오 월드마크","43.81","201803","11~20","18,200","4","2013","포은대로"
"경기도 용인처인구 김량장동","328-7","328","7","대명리치","59.96","201803","1~10","16,900","7","null","금령로12번길"
"경기도 용인처인구 김량장동","254-158","254","158","용인유메이드","19.1","201803","1~10","9,800","9","2017","금령로"
"경기도 용인처인구 양지면 양지리","581-6","581","6","(581-6)","36.95","201803","1~10","11,300","3","2016","양대로5번길"
"경기도 용인처인구 양지면 양지리","581-6","581","6","(581-6)","58.69","201803","11~20","16,700","5","2016","양대로5번길"
"경기도 의왕시 내손동","739-4","739","4","	(739-4)	","28.32","201803","11~20","10,900","14","2004","계원대학로"
"경기도 의왕시 내손동","755-2","755","2","	미원파크빌(201동)	","24.37","201803","11~20","9,000","13","2003","계원대학로"
"경기도 의왕시 내손동","739","739","0","뮤즈빌","48.78","201803","11~20","11,800","3","2003","계원대학로"
"경기도 의왕시 포일동","662","662","0","파레사타워","23.19","201803","1~10","13,950","6","2013","포일세거리로"
"경기도 의정부시 가능동","686-2","686","2","센텀파크빌","68.33","201803","11~20","19,500","7","null","null"
"경기도 의정부시 의정부동","165-2","165","2","(165-2)","52.99","201803","11~20","19,500","13","2018","평화로483번길"
"경기도 의정부시 의정부동","234-12","234","12","J리치빌","39.88","201803","1~10","13,000","7","2015","가능로159번길"
"경기도 의정부시 의정부동","496-3","496","3","동양레쉬빌II","22.38","201803","21~31","8,200","5","2005","신흥로240번길"
"경기도 의정부시 의정부동","541-2","541","2","삼익리베리움","65.85","201803","11~20","22,500","7","2017","범골로"
"경기도 의정부시 의정부동","541-2","541","2","삼익리베리움","65.85","201803","11~20","22,500","8","2017","범골로"
"경기도 의정부시 의정부동","541-2","541","2","삼익리베리움","65.85","201803","21~31","22,500","6","2017","범골로"
"경기도 의정부시 의정부동","407-30","407","30","정은리치빌","53.65","201803","1~10","15,000","5","2014","가능로86번길"
"경기도 의정부시 의정부동","135-3","135","3","주건축물제1동(135-3)","77.9","201803","1~10","16,300","3","2010","시민로132번길"
"경기도 의정부시 의정부동","362-15","362","15","해성아트빌","70.09","201803","11~20","28,300","7","2018","시민로156번길"
"경기도 이천시 관고동","3-23","3","23","VIP 오피스텔","28.08","201803","21~31","4,900","7","2003","향교로18번길"
"경기도 이천시 창전동","470-11","470","11","네오빌 오피스텔","21.24","201803","1~10","4,100","4","2003","중리천로113번길"
"경기도 이천시 창전동","470-11","470","11","네오빌 오피스텔","22.42","201803","1~10","4,300","4","2003","중리천로113번길"
"경기도 파주시 문산읍 선유리","779-11","779","11","정원 엘피스타워","75.1","201803","21~31","26,500","7","2018","사임당로"
"경기도 파주시 문산읍 선유리","779-11","779","11","정원 엘피스타워","75.1","201803","21~31","26,500","8","2018","사임당로"
"경기도 파주시 문산읍 선유리","779-11","779","11","정원 엘피스타워","75.1","201803","21~31","26,500","3","2018","사임당로"
"경기도 파주시 문산읍 선유리","779-11","779","11","정원 엘피스타워","73.95","201803","21~31","26,400","6","2018","사임당로"
"경기도 파주시 문산읍 선유리","779-11","779","11","정원 엘피스타워","73.95","201803","21~31","26,400","5","2018","사임당로"
"경기도 파주시 문산읍 선유리","779-11","779","11","정원 엘피스타워","73.95","201803","21~31","26,400","3","2018","사임당로"
"경기도 파주시 문산읍 선유리","779-11","779","11","정원 엘피스타워","73.95","201803","21~31","26,400","8","2018","사임당로"
"경기도 파주시 문산읍 선유리","779-11","779","11","정원 엘피스타워","73.95","201803","21~31","26,400","7","2018","사임당로"
"경기도 파주시 문산읍 선유리","779-11","779","11","정원 엘피스타워","72.82","201803","21~31","26,200","10","2018","사임당로"
"경기도 파주시 문산읍 선유리","779-11","779","11","정원 엘피스타워","72.82","201803","21~31","26,200","8","2018","사임당로"
"경기도 평택시 신장동","304-14","304","14","아리스타팰리스Ⅱ","74.49","201803","11~20","29,379","8","2018","쇼핑로"
"경기도 평택시 신장동","304-14","304","14","아리스타팰리스Ⅱ","78.2","201803","11~20","30,572","10","2018","쇼핑로"
"경기도 평택시 신장동","690-97","690","97","오딧세이이글 오피스텔","60.88","201803","11~20","25,500","2","2018","국제로"
"경기도 평택시 신장동","690-97","690","97","오딧세이이글 오피스텔","30.43","201803","11~20","12,820","9","2018","국제로"
"경기도 평택시 신장동","690-97","690","97","오딧세이이글 오피스텔","30.43","201803","11~20","12,820","5","2018","국제로"
"경기도 평택시 신장동","690-97","690","97","오딧세이이글 오피스텔","64.19","201803","11~20","26,600","2","2018","국제로"
"경기도 평택시 신장동","690-97","690","97","오딧세이이글 오피스텔","30.43","201803","11~20","12,820","4","2018","국제로"
"경기도 평택시 안중읍 안중리","277","277","0","골든쉐르빌","84.58","201803","11~20","19,000","5","null","안중로117번길"
"경기도 평택시 지산동","843-23","843","23","(843-23)","16.74","201803","11~20","3,600","4","2005","송탄2로65번길"
"경기도 평택시 지산동","843-23","843","23","(843-23)","19.13","201803","11~20","3,650","4","2005","송탄2로65번길"
"경기도 평택시 지산동","843-23","843","23","(843-23)","19.85","201803","11~20","3,750","3","2005","송탄2로65번길"
"경기도 평택시 지산동","843-23","843","23","(843-23)","19.85","201803","11~20","3,730","5","2005","송탄2로65번길"
"경기도 평택시 지산동","843-23","843","23","(843-23)","19.13","201803","21~31","3,700","5","2005","송탄2로65번길"
"경기도 평택시 지산동","826","826","0","파인힐오피스텔","21.5","201803","21~31","3,300","2","2002","지산로12번길"
"경기도 평택시 통복동","49-16","49","16","에뜨리안","59.93","201803","21~31","10,800","3","2014","통복시장로54번길"
"경기도 평택시 합정동","739-6","739","6","골든스테이트2차","74.44","201803","1~10","19,900","2","null","평택3로"
"경기도 하남시 덕풍동","742","742","0","	트윈렉스(II)	","33.62","201803","21~31","13,900","5","2011","덕풍동로"
"경기도 하남시 신장동","519","519","0","오피스텔트레벨","32.05","201803","1~10","12,650","4","2004","대청로"
"경기도 하남시 신장동","427-373","427","373","하이렉스오피스텔","28.8","201803","1~10","13,000","5","2015","하남대로801번길"
"경기도 하남시 신장동","427-373","427","373","하이렉스오피스텔","20.36","201803","21~31","9,500","4","2015","하남대로801번길"
"경기도 하남시 학암동","504","504","0","위례 효성해링턴 타워","24.2","201803","1~10","15,800","20","2016","null"
"경기도 하남시 학암동","504","504","0","위례 효성해링턴 타워","24.26","201803","1~10","15,000","8","2016","null"
"경기도 하남시 학암동","504","504","0","위례 효성해링턴 타워","24.2","201803","11~20","15,200","15","2016","null"
"경기도 하남시 학암동","504","504","0","위례 효성해링턴 타워","24.2","201803","11~20","15,300","13","2016","null"
"경기도 화성시 능동","1065-2","1065","2","동탄 퍼스트빌스타","20.15","201803","1~10","9,000","16","2014","동탄원천로"
"경기도 화성시 능동","1065-2","1065","2","동탄 퍼스트빌스타","20.15","201803","21~31","9,000","13","2014","동탄원천로"
"경기도 화성시 능동","1065-3","1065","3","동탄 푸르지오 시티","33.74","201803","1~10","12,500","5","2013","동탄원천로"
"경기도 화성시 능동","1065-3","1065","3","동탄 푸르지오 시티","32.06","201803","11~20","12,500","8","2013","동탄원천로"
"경기도 화성시 능동","1052-4","1052","4","이너매스골드","21.36","201803","1~10","6,500","14","2011","동탄하나1길"
"경기도 화성시 능동","1052-4","1052","4","이너매스골드","21.36","201803","11~20","6,500","14","2011","동탄하나1길"
"경기도 화성시 능동","1052-4","1052","4","이너매스골드","19.96","201803","21~31","6,700","5","2011","동탄하나1길"
"경기도 화성시 반송동","106-6","106","6","동탄 동일하이빌 오피스텔","35.38","201803","21~31","14,000","6","2010","동탄중심상가1길"
"경기도 화성시 반송동","93-10","93","10","동탄 지웰 에스테이트","35.87","201803","21~31","16,500","24","2011","동탄반석로"
"경기도 화성시 반송동","93-10","93","10","동탄 지웰 에스테이트","35.87","201803","21~31","16,500","13","2011","동탄반석로"
"경기도 화성시 반송동","93-10","93","10","동탄 지웰 에스테이트","36.34","201803","21~31","16,500","25","2011","동탄반석로"
"경기도 화성시 반송동","93-10","93","10","동탄 지웰 에스테이트","36.34","201803","21~31","16,500","14","2011","동탄반석로"
"경기도 화성시 반송동","93-10","93","10","동탄 지웰 에스테이트","33.58","201803","21~31","16,000","12","2011","동탄반석로"
"경기도 화성시 반송동","93-10","93","10","동탄 지웰 에스테이트","32.34","201803","21~31","16,000","9","2011","동탄반석로"
"경기도 화성시 반송동","93-2","93","2","동탄SR GOLD PLAZA","16.79","201803","1~10","2,700","12","2010","동탄지성로"
"경기도 화성시 반송동","93-2","93","2","동탄SR GOLD PLAZA","23.61","201803","11~20","7,000","13","2010","동탄지성로"
"경기도 화성시 반송동","93-3","93","3","동탄파라곤","47.51","201803","11~20","17,500","4","2010","동탄반석로"
"경기도 화성시 반송동","93-9","93","9","동탄하이페리온","48.81","201803","21~31","17,500","3","2010","동탄반석로"
"경기도 화성시 반송동","93-9","93","9","동탄하이페리온","30.8","201803","21~31","13,500","3","2010","동탄반석로"
"경기도 화성시 반송동","93-9","93","9","동탄하이페리온","41.67","201803","21~31","17,500","5","2010","동탄반석로"
"경기도 화성시 반송동","92-2","92","2","마젤란오피스텔","29.09","201803","21~31","14,500","12","2010","노작로"
"경기도 화성시 반송동","90-1","90","1","삼성스마트쉐르빌","28.52","201803","1~10","14,000","20","2012","노작로"
"경기도 화성시 반송동","90-1","90","1","삼성스마트쉐르빌","29.11","201803","1~10","14,500","22","2012","노작로"
"경기도 화성시 반송동","90-1","90","1","삼성스마트쉐르빌","28.52","201803","11~20","14,300","19","2012","노작로"
"경기도 화성시 반송동","90-1","90","1","삼성스마트쉐르빌","29.11","201803","21~31","14,600","23","2012","노작로"
"경기도 화성시 반송동","90-1","90","1","삼성스마트쉐르빌","28.52","201803","21~31","14,500","21","2012","노작로"
"경기도 화성시 반송동","90-1","90","1","삼성스마트쉐르빌","29.11","201803","21~31","15,000","15","2012","노작로"
"경기도 화성시 반송동","93-8","93","8","서해더블루(93-8)","49.97","201803","1~10","25,000","6","2009","메타폴리스로"
"경기도 화성시 반송동","92-3","92","3","센트럴시티 오피스텔","42.75","201803","1~10","19,500","11","2011","노작로"
"경기도 화성시 반송동","92-3","92","3","센트럴시티 오피스텔","41.91","201803","21~31","19,500","19","2011","노작로"
"경기도 화성시 반송동","92-3","92","3","센트럴시티 오피스텔","38.32","201803","21~31","18,000","9","2011","노작로"
"경기도 화성시 반송동","92-3","92","3","센트럴시티 오피스텔","38.25","201803","21~31","18,500","24","2011","노작로"
"경기도 화성시 반송동","93-7","93","7","트라이엄프 동탄","39.72","201803","11~20","14,000","12","2011","메타폴리스로"
"경기도 화성시 반송동","93-7","93","7","트라이엄프 동탄","39.72","201803","21~31","14,500","9","2011","메타폴리스로"
"경기도 화성시 반송동","93-7","93","7","트라이엄프 동탄","35.32","201803","21~31","14,500","13","2011","메타폴리스로"
"경기도 화성시 반송동","42-5","42","5","하나로오피스텔","49.14","201803","1~10","10,000","6","2009","동탄지성로"
"경기도 화성시 봉담읍 상리","25-7","25","7","1동","35.76","201803","21~31","12,800","13","null","삼천병마로"
"경기도 화성시 석우동","18-4","18","4","동탄 삼성 디오네 오피스텔","23.43","201803","11~20","6,700","4","2012","삼성1로"
"경기도 화성시 석우동","18-4","18","4","동탄 삼성 디오네 오피스텔","23.43","201803","21~31","7,250","6","2012","삼성1로"
"경기도 화성시 석우동","32-3","32","3","리치안오피스텔","24.9","201803","1~10","7,900","12","2011","삼성전자로"
"경기도 화성시 석우동","32-3","32","3","리치안오피스텔","24.9","201803","21~31","8,450","9","2011","삼성전자로"
"경기도 화성시 석우동","32-5","32","5","세비앙오피스텔","21.72","201803","1~10","8,700","9","2013","삼성전자로"
"경기도 화성시 석우동","31-3","31","3","이너매스플래티늄","18.55","201803","11~20","8,500","9","2013","삼성1로"
"경기도 화성시 석우동","31-3","31","3","이너매스플래티늄","18.55","201803","11~20","8,550","7","2013","삼성1로"
"경기도 화성시 석우동","31-3","31","3","이너매스플래티늄","18.55","201803","21~31","8,000","3","2013","삼성1로"
"경기도 화성시 향남읍 구문천리","927-9","927","9","다인블루빌","45.06","201803","1~10","6,000","12","2009","발안공단로3길"
"경기도 화성시 향남읍 구문천리","927-9","927","9","다인블루빌","49.83","201803","21~31","7,800","13","2009","발안공단로3길"
"경기도 화성시 향남읍 구문천리","927-9","927","9","다인블루빌","49.83","201803","21~31","8,500","9","2009","발안공단로3길"
"경기도 화성시 향남읍 발안리","127-16","127","16","(127-16)","19.8","201803","1~10","4,200","3","2004","발안남로55번길"
"경기도 화성시 향남읍 발안리","127-16","127","16","(127-16)","19.8","201803","1~10","4,200","2","2004","발안남로55번길"
"경기도 화성시 향남읍 발안리","127-16","127","16","(127-16)","19.8","201803","11~20","4,450","4","2004","발안남로55번길"
